timestamp,accX,accY,accZ
16:00:10.475,0.10408778,0.45014977,9.7857475
16:00:10.617,0.10408778,0.44775695,9.8001041
16:00:10.752,0.099302143,0.42861435,9.8001041
16:00:10.878,0.096909314,0.42382872,9.812068
16:00:11.008,0.10169496,0.44057846,9.7905331
16:00:11.131,0.10887343,0.45014977,9.8096752
16:00:11.250,0.08015956,0.44297129,9.8048897
16:00:11.386,0.092123672,0.44057846,9.8168535
16:00:11.496,0.096909314,0.44057846,9.812068
16:00:11.635,0.10648061,0.44536412,9.8144608
16:00:11.755,0.11365908,0.45014977,9.8144608
16:00:11.889,0.082552381,0.42861435,9.8096752
16:00:11.990,0.096909314,0.44536412,9.8096752
16:00:12.109,0.084945202,0.43340001,9.8096752
16:00:12.241,0.099302143,0.45254257,9.7977114
16:00:12.369,0.072981089,0.42143589,9.8096752
16:00:12.490,0.096909314,0.43340001,9.8024969
16:00:12.640,0.089730851,0.41665024,9.7905331
16:00:12.779,0.094516493,0.43340001,9.8072824
16:00:12.892,0.089730851,0.41904306,9.812068
16:00:13.020,0.10887343,0.42382872,9.8096752
16:00:13.146,0.099302143,0.44536412,9.8001041
16:00:13.289,0.10169496,0.41425741,9.7905331
16:00:13.413,-0.15912271,0.85214394,10.412667
16:00:13.543,0.73579293,-3.5937204,9.3789673
16:00:13.672,-2.2648067,-1.2966107,9.8599253
16:00:13.845,2.2002003,2.4601207,9.5991068
16:00:13.968,0.80997044,6.0493546,3.4974093
16:00:14.078,0.061016977,7.9755769,2.1622143
16:00:14.201,-0.66400826,9.0308113,-0.6972087
16:00:14.314,-1.14018,8.992527,0.80069828
16:00:14.449,-0.9056834,9.7031946,1.4994025
16:00:14.586,-0.54436713,9.8874426,1.2290136
16:00:14.725,-0.60897338,9.7031946,1.4371891
16:00:14.859,-0.55633128,9.7223377,1.5951154
16:00:15.019,-0.53718871,9.6649094,1.6764714
16:00:15.147,-0.56350976,9.6696959,1.7362919
16:00:15.292,-0.70468628,9.7223377,1.7913269
16:00:15.411,-0.59222358,9.5979109,1.195514
16:00:15.537,-0.65922266,9.688838,1.5999011
16:00:15.662,-0.59222358,9.760623,1.7362919
16:00:15.805,-0.78364944,9.6840525,1.6022938
16:00:15.938,-0.59940207,9.6744814,1.4706886
16:00:16.088,-0.75254273,9.7319088,1.7243278
16:00:16.217,-0.44386861,9.7079802,1.6836498
16:00:16.353,-0.55154562,9.6505527,2.2076781
16:00:16.494,-0.4869394,9.7247305,1.8631115
16:00:16.627,-0.66879392,9.8132648,1.7482561
16:00:16.767,-0.55393845,9.6553383,1.4012967
16:00:16.893,-1.6139588,9.2629156,0.68105716
16:00:17.025,-3.5641093,11.167603,5.9261246
16:00:17.146,-10.247263,9.7247305,6.3137617
16:00:17.278,-2.7098715,5.6090755,0.47766721
16:00:17.401,8.3760757,5.7287164,9.6732845
16:00:17.517,4.1192441,8.102397,6.7588267
16:00:17.645,2.0135603,8.2722874,5.3685966
16:00:17.779,0.85304129,8.7532444,5.8926249
16:00:17.889,0.78843504,8.6934242,5.1939206
16:00:17.992,5.5094743,8.3799639,7.6345997
16:00:18.124,3.7627137,6.9299135,2.7245276
16:00:18.246,1.6283158,7.2673016,3.1552358
16:00:18.369,-2.2073789,9.0475616,2.4589243
16:00:18.491,-4.0737805,8.8178501,2.5019951
16:00:18.617,-8.7972126,8.1478605,0.1689931
16:00:18.738,-5.2055855,9.8850498,2.449353
16:00:18.875,-3.2458639,9.033205,0.26709881
16:00:18.992,-2.1810579,9.3179502,0.78155571
16:00:19.117,-2.6237299,9.392128,-0.022432713
16:00:19.241,-2.4753749,9.3227358,0.21924238
16:00:19.375,-2.5136602,9.4686985,0.20727827
16:00:19.524,-3.0999017,9.4710913,0.030209387
16:00:19.632,-2.6213372,9.5261259,0.013459628
16:00:19.772,-2.5806592,9.5189476,0.55423754
16:00:19.923,-2.8223343,9.4040918,-0.065503523
16:00:20.049,-2.2648067,9.4854479,0.37716866
16:00:20.181,-2.7361927,9.4567347,0.14027923
16:00:20.305,-2.4442682,9.5309114,-0.089431748
16:00:20.442,-2.6739793,9.4998055,0.020638095
16:00:20.570,-2.5734808,9.504591,0.085244305
16:00:20.698,-2.3748765,9.473484,0.32213375
16:00:20.831,-2.4011974,9.4016991,-0.12293126
16:00:20.983,-2.4131618,9.5404825,0.11395818
16:00:21.130,-2.5639095,9.4974117,-0.18275183
16:00:21.267,-2.8582265,9.4782696,0.39870408
16:00:21.399,-2.3294129,9.4591274,-0.18275183
16:00:21.528,-16.681562,10.35165,3.8108692
16:00:21.681,-8.0386877,8.6886377,-2.2381866
16:00:21.805,9.6275215,4.8457651,8.3811607
16:00:21.925,7.6247292,6.0230336,4.0405803
16:00:22.051,3.8823547,8.3775711,1.6525432
16:00:22.167,3.8129628,8.8130646,2.5426731
16:00:22.294,3.0233314,9.3107719,2.3991039
16:00:22.401,2.6117659,9.4160566,3.1743784
16:00:22.517,3.0448668,9.2270231,3.0403802
16:00:22.640,3.5736806,9.2365942,2.3895326
16:00:22.766,3.4660037,9.1983089,2.3129623
16:00:22.897,5.5501523,8.1287174,1.9588244
16:00:23.032,1.8580267,6.9131637,-0.20668006
16:00:23.167,-1.7312071,8.6503534,2.4254248
16:00:23.287,-1.774278,11.311172,2.3321047
16:00:23.412,-0.74057859,10.837393,1.2098709
16:00:23.533,-0.81236327,10.404292,-3.1139596
16:00:23.666,-0.70229346,10.768001,2.0234306
16:00:23.790,-0.94636136,9.8922281,-0.20907287
16:00:23.917,-1.0683953,9.6409817,-0.56560344
16:00:24.057,-1.0731809,9.7414799,-0.38853458
16:00:24.177,-1.0037891,9.9257278,0.14506488
16:00:24.303,-1.0588241,9.904192,-0.45074797
16:00:24.431,-1.0779666,9.7223377,-0.19710876
16:00:24.552,-1.3076776,9.801301,0.18813568
16:00:24.705,-1.2000005,9.8898354,-0.1372882
16:00:24.838,-1.0133604,9.729516,-0.33349967
16:00:24.944,-1.2095718,9.7654085,-0.4316054
16:00:25.067,-1.2813566,9.6673021,-0.38135612
16:00:25.192,-1.1832508,9.8060865,-0.41964126
16:00:25.329,-1.2550355,9.7773724,-0.27607191
16:00:25.453,-1.2023934,9.9209414,0.17617157
16:00:25.582,-1.0109676,9.9640121,-0.48185465
16:00:25.721,-1.0372887,9.8108721,0.056530435
16:00:25.845,-1.1138589,9.7127666,0.53509498
16:00:25.967,-1.0468599,9.9927263,0.03260221
16:00:26.067,-0.92721879,10.021441,-0.10857433
16:00:26.191,-0.28354949,9.8300142,-0.77138621
16:00:26.320,-0.41994038,9.6433744,-0.13489537
16:00:26.439,-0.84346998,9.8850498,-0.56081778
16:00:26.568,0.46061835,9.8539429,0.044566322
16:00:26.692,-0.51086766,9.9185486,-1.8266209
16:00:26.833,4.3872404,8.695817,-4.1691942
16:00:26.972,-1.6450655,8.7077808,4.1458645
16:00:27.103,-5.2558351,8.1550388,7.0555367
16:00:27.218,1.5182459,7.0160551,4.1793637
16:00:27.339,-3.0879376,8.3129654,4.5646081
16:00:27.451,-0.28833511,8.7891369,5.174778
16:00:27.567,-0.34576288,9.6553383,4.4353957
16:00:27.690,0.52043891,7.9851484,6.3329043
16:00:27.823,-0.29072794,8.3177509,4.3707895
16:00:27.945,-0.38883367,8.4541416,4.0142589
16:00:28.052,-0.49411789,8.5618181,4.3013978
16:00:28.234,0.16151553,8.7006025,4.1961136
16:00:28.371,-0.056231331,8.439785,4.6579285
16:00:28.485,-1.0013963,7.8176508,4.8732824
16:00:28.605,0.64965135,8.1598244,7.282855
16:00:28.705,1.3076776,8.8369932,3.2772696
16:00:28.846,-2.0949163,9.4040918,4.0812583
16:00:28.973,0.61854464,8.7580299,4.7177491
16:00:29.091,1.5373886,8.6814594,6.6535425
16:00:29.193,1.3866407,8.2938223,4.9809594
16:00:29.320,0.95353985,8.5402832,4.7775693
16:00:29.434,1.0420742,8.5546398,5.0144591
16:00:29.538,0.89850491,8.5570326,5.1388855
16:00:29.642,0.92243314,8.3057861,4.8948178
16:00:29.767,0.76689965,8.942277,4.1985064
16:00:29.890,1.6067804,8.5450687,4.8996034
16:00:30.019,1.2981063,8.4517488,4.918746
16:00:30.137,1.2167503,8.4230347,4.8254261
16:00:30.255,1.6354942,8.5761757,4.4258246
16:00:30.367,1.9345971,8.5857468,5.0910292
16:00:30.478,1.4177474,9.1576309,4.3396831
16:00:30.593,1.2693924,8.5091763,5.2010989
16:00:30.706,1.0779666,8.4661055,4.8158545
16:00:30.818,0.64965135,8.2124662,5.1460643
16:00:30.937,0.55633128,8.0449686,5.471488
16:00:31.060,0.2955136,8.0928249,5.6988063
16:00:31.182,0.54436713,8.1287174,5.4092746
16:00:31.309,0.40797627,7.999505,5.6461639
16:00:31.420,0.60897338,8.1000042,5.5073805
16:00:31.531,0.76689965,8.0952177,5.4667025
16:00:31.656,0.82911307,8.2986078,5.3398829
16:00:31.768,0.61136621,8.3081789,5.0886364
16:00:31.886,0.69511497,8.2076807,5.394918
16:00:32.005,0.70707911,8.3560362,5.2800622
16:00:32.117,0.38165522,8.1526461,5.2441697
16:00:32.234,0.72622168,8.3057861,5.4164534
16:00:32.392,0.58743799,8.2340021,5.3685966
16:00:32.517,0.52761739,8.1957169,5.2537413
16:00:32.639,0.67118675,8.3081789,5.3374901
16:00:32.744,0.59461641,8.2100735,5.3063831
16:00:32.885,0.50847483,8.1670027,5.5025949
16:00:33.003,0.4103691,8.2507515,5.2489557
16:00:33.149,0.4103691,8.3057861,5.282455
16:00:33.267,0.32662028,8.2292166,5.1939206
16:00:33.391,0.51086766,8.3321075,5.2848477
16:00:33.509,0.40558344,8.2986078,5.2704911
16:00:33.635,0.33379877,8.3010006,5.1508498
16:00:33.746,0.48454657,8.3201437,5.2633123
16:00:33.897,0.4103691,8.3392859,5.3087759
16:00:34.017,0.36251262,8.2794657,5.2345986
16:00:34.152,0.48215377,8.2675009,5.2513485
16:00:34.273,-0.66879392,8.2028952,2.4565315
16:00:34.391,-0.47736812,4.7859445,9.4746799
16:00:34.531,8.0530443,9.6768742,16.717754
16:00:34.668,1.4560326,4.49402,4.9833522
16:00:34.771,-0.99421781,3.173182,-3.0014968
16:00:34.886,-0.82193458,2.3404796,-2.1831515
16:00:34.992,-3.9302113,2.2663021,-3.7241294
16:00:35.111,-1.2813566,6.2001028,3.8204405
16:00:35.247,5.4855461,12.567404,14.961423
16:00:35.367,3.2291141,9.1983089,7.3761749
16:00:35.501,-0.077766739,6.1570315,8.6132641
16:00:35.629,3.9302113,8.5546398,6.8641109
16:00:35.753,4.2293139,8.4254274,2.8298118
16:00:35.895,0.79561353,7.8726854,2.935096
16:00:36.019,1.0923235,8.0904322,4.2056847
16:00:36.143,2.8151557,8.3249292,5.6102719
16:00:36.267,3.9852462,7.2433734,9.3335037
16:00:36.612,2.4562325,8.2100735,4.6603212
16:00:36.728,2.1355941,8.3321075,5.1293144
16:00:36.859,2.2791636,8.1550388,4.9689951
16:00:36.992,2.4969103,8.0856466,5.0048876
16:00:37.125,2.4011974,8.0808611,5.1628141
16:00:37.259,2.5112674,8.0928249,5.1221361
16:00:37.395,2.4275186,8.0569334,5.0551372
16:00:37.535,2.2456641,8.0928249,5.0336018
16:00:37.671,2.5639095,8.030612,5.0312085
16:00:37.788,2.3868406,7.7721872,4.6268215
16:00:37.917,2.1284158,7.6836524,5.8950176
16:00:38.044,0.55154562,6.2455664,5.7634125
16:00:38.174,0.59940207,2.8453653,8.2160559
16:00:38.300,-1.1641082,1.2326027,10.582558
16:00:38.424,-2.0685952,0.83060855,10.702198
16:00:38.545,-2.1188445,0.84017986,9.52493
16:00:38.656,-0.43908295,0.75882387,9.9795656
16:00:38.785,-1.0372887,0.12233306,10.010673
16:00:38.964,0.084945202,0.43100718,9.9173527
16:00:39.084,0.08015956,0.44297129,9.82164
16:00:39.215,0.072981089,0.43818563,9.7642117
16:00:39.345,0.082552381,0.45254257,9.8407822
16:00:39.471,0.063409798,0.43818563,9.7929258
16:00:39.605,0.070588268,0.43340001,9.8024969
16:00:39.746,0.082552381,0.44775695,9.7426767
16:00:39.894,0.082552381,0.474078,9.7570333
16:00:40.017,0.077766739,0.45732823,9.8001041
16:00:40.138,0.070588268,0.43818563,9.7857475
16:00:40.239,0.089730851,0.45254257,9.8072824
16:00:40.367,0.077766739,0.46211389,9.8024969
16:00:40.494,0.07537391,0.44536412,9.8096752
16:00:40.610,0.068195447,0.44297129,9.8048897
16:00:40.740,0.07537391,0.43579283,9.8072824
16:00:40.874,0.068195447,0.44536412,9.7929258
16:00:41.014,0.070588268,0.44057846,9.8072824
16:21:07.148,0.017946171,0.45014977,9.780962
16:21:07.278,0.010767702,0.44297129,9.780962
16:21:07.390,0.034695927,0.45972106,9.7977114
16:21:07.513,0.022731815,0.44057846,9.7857475
16:21:07.635,0.022731815,0.44775695,9.8024969
16:21:07.769,0.022731815,0.46929234,9.7953186
16:21:07.948,0.029910283,0.43340001,9.8048897
16:21:08.093,0.034695927,0.46929234,9.8168535
16:21:08.205,0.020338992,0.43100718,9.7666044
16:21:08.321,0.037088752,0.43818563,9.8048897
16:21:08.438,0.029910283,0.45972106,9.7977114
16:21:08.538,0.056231331,0.3999005,9.82164
16:21:08.671,0.47736812,-0.2533401,9.8718891
16:21:08.795,1.43689,-2.7179475,9.5895357
16:21:08.913,-0.18065812,-2.7179475,11.99193
16:21:09.037,0.20697916,-1.5526428,10.300204
16:21:09.175,-4.8131628,0.13190435,9.4603233
16:21:09.297,2.7337999,-2.8399813,8.8453684
16:21:09.414,10.637293,-2.1652055,10.625628
16:21:09.551,8.9551392,-0.13848461,8.9123669
16:21:09.671,5.9760747,1.9145572,6.3999033
16:21:09.792,4.6002016,3.0870404,8.4242315
16:21:09.921,4.4470611,2.9673991,8.3093758
16:21:10.036,4.0259242,2.7472596,7.9863448
16:21:10.190,6.2679987,2.2854447,7.6250286
16:21:10.321,12.293126,-5.2423754,3.3179476
16:21:10.453,11.108679,1.3570296,14.284254
16:21:10.570,13.252648,0.50039905,6.0385871
16:21:10.711,9.0532446,9.7103729,12.664313
16:21:10.843,-2.3246272,8.389535,5.8495541
16:21:10.976,-0.49651068,0.38793638,-0.22821546
16:21:11.110,-5.5094743,-4.6704907,-3.7767715
16:21:11.239,5.6315079,-4.6920261,2.3608186
16:21:11.377,9.8093767,11.622239,12.468102
16:21:11.494,8.7014999,12.974183,11.752647
16:21:11.611,6.3828545,9.9281206,9.8982096
16:21:11.737,10.759327,19.334307,16.516758
16:21:11.860,22.955544,4.5323052,8.1921272
16:21:11.971,5.7224355,-10.142876,3.6074793
16:21:12.089,-12.628121,-6.1301126,2.1000009
16:21:12.238,-11.43171,-0.47587261,-3.2766714
16:21:12.377,-12.628121,-8.2214394,3.6577284
16:21:12.495,10.570294,-1.5478572,11.400903
16:21:12.621,13.590036,10.933105,4.7775693
16:21:12.739,9.366704,11.119746,7.1440711
16:21:12.879,6.9332037,10.906785,7.3115687
16:21:13.020,17.035702,12.655938,8.2447691
16:21:13.136,9.4241323,3.2617164,3.6625142
16:21:13.271,-6.3780689,0.19411774,0.32213375
16:21:13.400,-8.8761759,3.2449665,-4.3558345
16:21:13.541,-4.3872404,6.4178495,-3.513561
16:21:13.671,-4.4255257,7.9372916,-4.6142592
16:21:13.784,-4.3776689,7.5233335,-4.7195435
16:21:13.921,-4.176672,7.6286178,-4.5185466
16:21:14.057,-3.7818563,8.0593262,-3.9993041
16:21:14.189,-4.3633122,7.5065837,-4.3582273
16:21:14.328,-4.0450668,7.8176508,-4.0878382
16:21:14.468,-4.1024942,7.9468632,-4.0423746
16:21:14.586,-3.9014974,7.8272219,-4.4132624
16:21:14.708,-4.0259242,7.9396849,-4.2361932
16:21:14.831,-3.9086757,8.1981096,-3.8988054
16:21:14.941,-4.0115671,7.8487573,-4.2409792
16:21:15.041,-3.8991046,8.1263247,-4.023232
16:21:15.237,-3.8775692,8.1239319,-4.1285162
16:21:15.353,-4.0522451,7.9851484,-4.3055854
16:21:15.491,-3.8177485,8.1502533,-4.1380877
16:21:15.625,-3.8368912,7.9133635,-4.2361932
16:21:15.746,-3.9445682,8.2675009,-4.0399818
16:21:15.888,-3.8129628,8.1191463,-4.0423746
16:21:16.016,-3.7292142,8.2818584,-3.836592
16:21:16.148,-3.9230328,8.030612,-4.2912283
16:21:16.271,-3.9302113,8.1239319,-4.2098722
16:21:16.406,-3.7818563,8.1478605,-4.1021953
16:21:16.522,-3.662215,8.1239319,-4.1835513
16:21:16.649,-3.7124643,8.1358957,-4.1428733
16:21:16.771,-3.62393,7.918149,-4.3486562
16:21:16.888,-4.1120658,8.0904322,-4.2242293
16:21:16.995,-3.7387853,7.8870425,-4.06391
16:21:17.115,-4.1168513,8.1095753,-3.8318064
16:21:17.253,-3.4875391,8.3010006,-2.9512477
16:21:17.366,-3.9613178,8.7484589,-2.9392836
16:21:17.504,-3.4803605,8.583354,-3.1354949
16:21:17.638,-2.9563324,9.1408815,-2.7478578
16:21:17.740,-3.0065815,9.4495554,-2.4343979
16:21:17.879,-2.9946175,9.0308113,-2.8938198
16:21:18.033,-3.0520453,9.1002035,-2.8196423
16:21:18.140,-2.6213372,9.2318087,-2.8363922
16:21:18.271,-2.7888348,9.1791668,-2.7646074
16:21:18.405,-2.6524439,8.7628155,-3.2096725
16:21:18.523,-2.8223343,9.0140619,-3.1235309
16:21:18.646,-2.5351956,9.1624174,-2.9488549
16:21:18.781,-2.7433712,9.0499544,-2.9775686
16:21:18.901,-2.6476583,9.0068836,-2.9009984
16:21:19.016,-2.5710878,9.0523472,-3.0134611
16:21:19.140,-2.5232315,9.023633,-3.0445678
16:21:19.259,-2.5447669,9.0738821,-2.9919257
16:21:19.384,-2.5854449,8.942277,-2.9775686
16:21:19.521,-2.5686951,9.0020981,-2.9751759
16:21:19.660,-2.4155545,9.023633,-3.0517461
16:21:19.796,-2.6069803,9.176774,-2.8962128
16:21:19.914,-2.4179473,9.0116692,-3.0517461
16:21:20.051,-2.635694,9.0930252,-2.9105697
16:21:20.201,-2.5136602,9.064311,-3.0349965
16:21:20.326,-2.5615165,9.1600246,-2.8866415
16:21:20.447,-2.4705894,9.1432743,-3.0254252
16:21:20.580,-2.4658036,9.0906324,-3.0708888
16:21:20.799,-2.4011974,8.951849,-3.1235309
16:21:20.915,-2.4969103,9.1552382,-2.8962128
16:21:21.038,-2.5830522,9.033205,-2.9057839
16:21:21.182,-2.4514468,9.0810614,-2.8052855
16:21:21.308,-2.5519454,8.9997053,-3.0158539
16:21:21.441,-2.4035904,9.1719885,-2.810071
16:21:21.560,-2.5184457,9.0092764,-3.1570303
16:21:21.682,-2.6213372,9.0355978,-2.9871399
16:21:21.788,-2.705086,9.0906324,-2.810071
16:21:21.921,-2.5064816,9.0930252,-2.9560332
16:21:22.071,-2.5136602,8.9901342,-3.0972097
16:21:22.236,-2.382055,9.1432743,-2.8746774
16:21:22.349,-2.5471597,8.982955,-3.0182467
16:21:22.506,-2.4275186,9.2318087,-2.8555348
16:21:22.621,-2.4610181,9.0164547,-3.0996027
16:21:22.741,-2.3246272,9.0834541,-2.9129624
16:21:22.877,-2.3102703,9.1384888,-2.9488549
16:21:23.011,-2.5734808,9.0834541,-2.9775686
16:21:23.144,-2.5471597,9.1983089,-2.9464619
16:21:23.252,-2.516053,9.0284185,-2.9488549
16:21:23.357,-2.5136602,9.0930252,-3.0637102
16:21:23.495,-2.528017,8.9733839,-3.0254252
16:21:23.616,-2.5136602,9.0906324,-2.8004999
16:21:23.744,-2.4155545,9.0714893,-3.106781
16:21:23.885,-2.6309085,8.9279203,-2.9775686
16:21:23.995,-2.3605196,9.1193466,-2.8842485
16:21:24.197,-2.5878377,9.0499544,-3.1139596
16:21:25.889,-2.6907291,9.2246304,-2.7789643
16:21:25.994,-2.489732,8.9135637,-3.1115668
16:21:26.113,-2.6093731,9.1384888,-2.920141
16:21:26.237,-2.5016961,9.023633,-3.0732815
16:21:26.353,-2.4227328,9.1552382,-2.7622147
16:21:26.471,-2.516053,9.0571327,-3.1402807
16:21:26.598,-2.4634109,9.0595255,-3.0469606
16:21:26.736,-2.5758736,8.9733839,-3.1666017
16:21:26.854,-2.5591238,9.0906324,-3.027818
16:21:26.982,-2.1954148,9.3825569,-2.3745773
16:21:27.109,-1.3555341,9.5739822,-1.6136597
16:21:27.298,0.49172506,9.4926262,-2.5492535
16:21:27.409,-0.66161543,9.5141621,-2.810071
16:21:27.521,-0.65682983,9.392128,-2.7000012
16:21:27.643,-0.51804608,9.3825569,-2.7741787
16:21:27.777,-0.82911307,9.5261259,-2.7526433
16:21:27.931,-0.67118675,9.329915,-2.7789643
16:21:28.071,-0.99421781,9.320343,-2.9009984
16:21:28.221,-0.79082787,9.535697,-2.7957141
16:21:28.344,-0.88175517,9.279665,-2.9560332
16:21:28.466,-0.90807617,9.4280205,-2.8722844
16:21:28.661,-0.86261255,9.4208422,-2.9153552
16:21:28.794,-0.7932207,9.4543409,-2.8770702
16:21:28.921,-0.8147561,9.392128,-2.9057839
16:21:29.041,-1.3770695,8.1263247,-3.6092739
16:21:29.151,-5.5142598,-0.22941187,0.44177487
16:21:29.275,0.92004031,6.1570315,7.3307114
16:21:29.406,2.4729822,11.440384,11.594721
16:21:29.522,3.6071801,6.0182481,10.072886
16:21:29.661,2.085345,3.8072798,11.697613
16:21:29.794,2.961118,1.9695921,10.812268
16:21:29.913,3.2338998,0.69661051,9.3191471
16:21:30.046,4.9040899,0.44297129,9.7929258
16:21:30.171,1.5541383,0.48843491,11.082657
16:21:30.294,2.4777679,-0.66011995,10.04178
16:21:30.413,3.879962,-1.2272189,8.3141613
16:21:30.537,3.4301112,-0.13848461,9.0344009
16:21:30.678,3.4205399,0.08644072,9.2928257
16:21:30.802,3.6861434,0.10319047,9.1444712
16:21:30.940,3.6813576,-0.030807592,9.187542
16:21:31.066,3.3176486,-0.028414769,9.2856474
16:21:31.195,3.3774691,-0.045164529,9.2018986
16:21:31.321,3.4995031,0.045762733,9.1468639
16:21:31.448,3.473182,-0.028414769,9.0224371
16:21:31.571,3.5210385,0.0098703932,9.0583296
16:21:31.707,3.4683964,-0.071485579,9.1253281
16:21:31.841,3.4636109,-0.1265205,9.1396856
16:21:31.943,3.5162528,-0.12173485,9.2928257
16:21:32.096,3.473182,-0.13369897,9.0774717
16:21:32.247,3.5473595,-0.033200413,9.331111
16:22:40.845,0.010767702,0.44775695,9.8024969
16:22:40.971,-0.0035892338,0.41665024,9.780962
16:22:41.115,-0.0035892338,0.44297129,9.8024969
16:22:41.242,-0.010767702,0.43340001,9.7929258
16:22:41.379,-0.0035892338,0.39511484,9.8024969
16:22:41.521,-0.0011964113,0.44536412,9.780962
16:22:41.640,-0.022731815,0.43818563,9.8240328
16:22:41.780,-0.0035892338,0.44057846,9.7905331
16:22:41.897,-0.013160525,0.44297129,9.7929258
16:22:42.040,0.0083748791,0.43340001,9.7977114
16:22:42.156,0.010767702,0.4549354,9.7977114
16:22:42.356,0.0011964113,0.44536412,9.7881403
16:22:42.490,-0.0083748791,0.43579283,9.8001041
16:22:42.623,-0.013160525,0.44297129,9.7977114
16:22:42.734,-0.0035892338,0.42622152,9.7977114
16:22:42.857,0.0035892338,0.44536412,9.8072824
16:22:42.979,-0.010767702,0.44536412,9.7977114
16:22:43.099,-0.0011964113,0.43100718,9.8096752
16:22:43.271,0.0083748791,0.44297129,9.7881403
16:22:43.403,0.0083748791,0.43579283,9.7905331
16:22:43.521,0.0059820567,0.42861435,9.7833548
16:22:43.660,-0.0035892338,0.43579283,9.8072824
16:22:43.777,-0.0011964113,0.44775695,9.8024969
16:22:43.899,-0.0011964113,0.41665024,9.7905331
16:22:44.019,0.0011964113,0.43818563,9.8048897
16:22:44.144,-0.0011964113,0.44536412,9.8024969
16:22:44.278,0.039481573,0.52432728,9.6565351
16:22:44.400,0.020338992,0.36879379,9.7977114
16:22:44.522,0.0011964113,0.43579283,9.7642117
16:22:44.645,-0.022731815,0.46929234,9.8264256
16:22:44.783,0.0059820567,0.41186461,9.7737827
16:22:44.901,0.010767702,0.46450669,9.8024969
16:22:45.024,-0.0083748791,0.42143589,9.7977114
16:22:45.149,0.0011964113,0.43579283,9.8048897
16:22:45.277,-0.0083748791,0.42622152,9.7881403
16:22:45.401,0.0035892338,0.44057846,9.8048897
16:22:45.523,-0.0011964113,0.45254257,9.7977114
16:22:45.662,0.0011964113,0.41665024,9.8001041
16:22:45.795,-0.0083748791,0.45014977,9.7977114
16:22:45.912,-0.013160525,0.44057846,9.7977114
16:22:46.050,-0.0059820567,0.42382872,9.8001041
16:22:46.190,-0.0035892338,0.42861435,9.8024969
16:22:46.317,-0.0083748791,0.43579283,9.7905331
16:22:46.460,-0.0059820567,0.42861435,9.7929258
16:22:46.584,-0.013160525,0.43818563,9.7953186
16:22:46.721,0.0035892338,0.43818563,9.8024969
16:22:46.837,0.0059820567,0.44057846,9.8144608
16:22:46.953,0.0035892338,0.44057846,9.780962
16:22:47.076,0.0011964113,0.44536412,9.8048897
16:22:47.204,-0.0083748791,0.42861435,9.7881403
16:22:47.326,0.0035892338,0.43340001,9.7881403
16:22:47.451,-0.0035892338,0.43579283,9.7977114
16:22:47.590,-0.013160525,0.42622152,9.8024969
16:22:48.474,-0.0035892338,0.44057846,9.7977114
16:22:48.626,0.0011964113,0.42622152,9.7977114
16:22:48.731,0.0035892338,0.43100718,9.8096752
16:22:48.846,-0.0035892338,0.42382872,9.812068
16:22:48.964,-0.0035892338,0.44057846,9.8048897
16:22:49.087,-0.013160525,0.42143589,9.7977114
16:22:49.246,-0.0083748791,0.45014977,9.8048897
16:22:49.392,-0.0035892338,0.41425741,9.7953186
16:22:49.499,0.0059820567,0.42861435,9.7857475
16:22:49.614,-0.0011964113,0.42861435,9.7953186
16:22:49.742,0.0083748791,0.43100718,9.812068
16:22:49.853,0.0035892338,0.43818563,9.7857475
16:22:49.975,0.0011964113,0.44297129,9.8048897
16:22:50.098,0.0011964113,0.42861435,9.7977114
16:22:50.253,-0.010767702,0.43100718,9.8001041
16:22:50.376,0.0011964113,0.43579283,9.7881403
16:22:50.502,0.0035892338,0.43340001,9.7905331
16:22:50.632,0.0035892338,0.44297129,9.7905331
16:22:50.754,-0.010767702,0.42382872,9.8024969
16:22:50.878,-0.0059820567,0.42622152,9.7929258
16:22:51.050,0.0035892338,0.43100718,9.8048897
16:22:51.170,-0.0035892338,0.43340001,9.7929258
16:22:51.303,-0.0059820567,0.44057846,9.7881403
16:22:51.426,-0.0083748791,0.44536412,9.8048897
16:22:51.556,-0.0035892338,0.43818563,9.8096752
16:22:51.690,0.0011964113,0.42382872,9.7881403
16:22:51.789,-0.0035892338,0.42382872,9.7977114
16:22:51.941,-0.0011964113,0.44297129,9.8096752
16:22:52.065,-0.0059820567,0.44775695,9.7929258
16:22:52.171,0.0083748791,0.42382872,9.7953186
16:22:52.199,0.0083748791,0.44297129,9.7977114
16:22:52.277,-0.0083748791,0.43340001,9.7977114
16:22:52.322,0.0059820567,0.43100718,9.7857475
16:22:52.411,-0.013160525,0.41904306,9.7929258
16:22:52.433,-0.0011964113,0.43100718,9.7929258
16:22:52.533,-0.0035892338,0.42861435,9.8001041
16:22:52.545,-0.0035892338,0.44536412,9.8024969
16:22:52.644,0.0011964113,0.42382872,9.7953186
16:22:52.680,-0.015553347,0.43579283,9.8096752
16:22:52.752,0.0083748791,0.42861435,9.8072824
16:22:52.810,0.0083748791,0.43100718,9.7905331
16:22:52.878,-0.0035892338,0.42382872,9.7977114
16:22:52.922,-0.0035892338,0.42143589,9.7977114
16:22:53.000,-0.0011964113,0.43100718,9.7953186
16:22:53.034,-0.0035892338,0.44297129,9.7929258
16:22:53.139,0.010767702,0.44057846,9.7929258
16:22:53.139,0.010767702,0.44057846,9.7929258
16:22:53.245,-0.0059820567,0.43340001,9.7929258
16:22:53.257,-0.0059820567,0.43340001,9.7929258
16:22:53.368,0.0035892338,0.44297129,9.8001041
16:22:53.402,0.010767702,0.44057846,9.7929258
16:22:53.502,-0.013160525,0.43100718,9.8024969
16:22:53.612,-0.0035892338,0.43100718,9.8072824
16:22:53.735,-0.0011964113,0.43579283,9.7929258
16:22:53.848,0.0059820567,0.43579283,9.7905331
16:22:54.022,-0.0083748791,0.45014977,9.8001041
16:22:54.135,-0.0059820567,0.43100718,9.82164
16:22:54.271,0.0059820567,0.44536412,9.7905331
16:22:54.391,0.0011964113,0.42382872,9.8001041
16:22:55.323,-0.010767702,0.44057846,9.7881403
16:22:55.456,-0.0011964113,0.43579283,9.7929258
16:22:55.558,0.0083748791,0.44057846,9.7977114
16:22:55.692,-0.017946171,0.43340001,9.8048897
16:22:55.806,0.0011964113,0.43579283,9.82164
16:22:55.951,0.0035892338,0.43818563,9.7953186
16:22:56.072,-0.0011964113,0.43579283,9.8024969
16:22:56.238,-0.0083748791,0.43340001,9.7785692
16:22:56.341,0.013160525,0.45014977,9.8240328
16:22:56.469,0.010767702,0.45732823,9.8264256
16:22:56.582,0.010767702,0.40468612,9.7833548
16:22:56.700,0.0011964113,0.43100718,9.7881403
16:22:56.815,0.0083748791,0.44297129,9.7929258
16:22:56.921,0.0011964113,0.43579283,9.8264256
16:22:57.042,-0.0035892338,0.43340001,9.8072824
16:22:57.175,0.025124637,0.44297129,9.6948204
16:22:57.392,-0.0011964113,0.41186461,9.8072824
16:22:57.513,0.010767702,0.41425741,9.8072824
16:22:57.638,0.010767702,0.43340001,9.7833548
16:22:57.758,-0.0011964113,0.43100718,9.780962
16:22:57.886,0.017946171,0.42143589,9.8096752
16:22:58.023,-0.015553347,0.43579283,9.8001041
16:22:58.172,-0.0059820567,0.41904306,9.7785692
16:28:24.102,0.072981089,0.42861435,9.7905331
16:28:24.256,0.08015956,0.43100718,9.7953186
16:28:24.382,0.07537391,0.43340001,9.7929258
16:28:24.504,0.065802626,0.44536412,9.7905331
16:28:24.629,0.077766739,0.45014977,9.8001041
16:28:24.749,0.087338023,0.44057846,9.7977114
16:28:24.872,0.07537391,0.44297129,9.7977114
16:28:24.992,0.082552381,0.45014977,9.7929258
16:28:25.126,0.070588268,0.43579283,9.7929258
16:28:25.261,0.07537391,0.44775695,9.7929258
16:28:25.392,0.08015956,0.44536412,9.8024969
16:28:25.505,0.072981089,0.44297129,9.7977114
16:28:25.621,0.07537391,0.42861435,9.8144608
16:28:25.748,0.070588268,0.43818563,9.8096752
16:28:25.872,0.07537391,0.40947178,9.8096752
16:28:25.994,0.084945202,0.43818563,9.8001041
16:28:26.116,0.068195447,0.44297129,9.8024969
16:28:26.254,0.077766739,0.43818563,9.812068
16:28:26.381,0.12323037,0.4549354,9.9077816
16:28:26.522,0.058624156,0.41425741,9.8455677
16:28:26.654,0.084945202,0.48843491,9.8168535
16:28:26.772,0.072981089,0.42622152,9.8024969
16:28:26.914,0.065802626,0.45972106,9.7977114
16:28:27.060,0.070588268,0.43340001,9.7977114
16:28:27.172,0.082552381,0.45014977,9.8096752
16:28:27.286,0.068195447,0.44775695,9.812068
16:28:27.433,0.068195447,0.40947178,9.8168535
16:28:27.566,0.094516493,0.44057846,9.7857475
16:28:28.354,0.07537391,0.43579283,9.8024969
16:28:28.490,0.070588268,0.42382872,9.8144608
16:28:28.618,0.089730851,0.43340001,9.812068
16:28:28.756,0.094516493,0.43579283,9.7881403
16:28:28.899,0.070588268,0.42861435,9.8001041
16:28:29.040,0.087338023,0.44536412,9.7977114
16:28:29.179,0.072981089,0.43100718,9.7953186
16:28:29.303,0.099302143,0.44775695,9.8096752
16:28:29.434,0.082552381,0.42861435,9.7977114
16:28:29.553,0.082552381,0.42861435,9.8001041
16:28:29.712,0.087338023,0.43100718,9.7929258
16:28:29.842,0.072981089,0.43100718,9.7977114
16:28:29.965,0.077766739,0.43818563,9.8024969
16:28:30.097,0.096909314,0.45014977,9.8096752
16:28:30.245,0.087338023,0.44775695,9.7929258
16:28:30.391,0.099302143,0.42143589,9.8144608
16:28:30.513,0.07537391,0.42622152,9.7546406
16:28:30.645,0.05383851,0.43100718,9.9006023
16:28:30.772,0.10408778,0.48604211,9.7522478
16:28:30.913,0.070588268,0.45014977,9.7905331
16:28:31.115,0.077766739,0.45972106,9.8168535
16:28:31.260,0.070588268,0.43100718,9.8001041
16:28:31.401,0.05383851,0.44057846,9.8001041
16:28:31.525,0.061016977,0.44057846,9.7977114
16:28:31.647,0.077766739,0.43100718,9.7881403
16:28:31.780,0.077766739,0.43579283,9.7977114
16:28:31.900,0.07537391,0.46929234,9.8024969
16:28:32.039,0.065802626,0.42143589,9.8072824
16:28:32.174,0.070588268,0.44775695,9.7977114
16:28:32.289,0.065802626,0.44536412,9.7953186
16:28:32.426,0.089730851,0.46450669,9.8024969
16:28:32.545,0.070588268,0.43579283,9.7881403
16:28:32.672,0.061016977,0.45014977,9.7905331
16:28:32.806,0.084945202,0.43340001,9.7953186
16:36:46.518,-0.051445685,0.40947178,9.8024969
16:36:46.627,-0.046660043,0.40229329,9.7737827
16:36:46.757,-0.056231331,0.39272201,9.8048897
16:36:46.889,-0.044267219,0.41186461,9.8001041
16:36:47.024,-0.049052864,0.40707895,9.7977114
16:36:47.151,-0.051445685,0.40468612,9.8024969
16:36:47.282,-0.065802626,0.40707895,9.7737827
16:36:47.437,-0.049052864,0.40947178,9.7833548
16:36:47.627,-0.041874398,0.40229329,9.7857475
16:36:47.775,-0.049052864,0.40707895,9.7857475
16:36:47.907,-0.046660043,0.40947178,9.7905331
16:36:48.021,-0.05383851,0.39750767,9.7785692
16:36:48.157,-0.049052864,0.41186461,9.7187481
16:36:48.285,-0.049052864,0.39032918,9.8359966
16:36:48.396,-0.063409798,0.40947178,9.7331057
16:36:48.637,-0.068195447,0.40468612,9.8001041
16:36:48.757,-0.05383851,0.39511484,9.852746
16:36:48.894,-0.041874398,0.39511484,9.7857475
16:36:49.007,-0.05383851,0.38793638,9.812068
16:36:49.147,-0.025124637,0.3999005,9.9747801
16:36:49.267,4.9543395,-1.1841481,10.596914
16:36:49.400,-0.91764748,-4.6513481,9.6876411
16:36:49.567,0.80279201,-4.0005002,11.252547
16:36:49.674,0.35533416,-0.0020937198,10.326526
16:36:49.792,2.2337,-2.8591239,10.929517
16:36:49.927,-0.97028959,-0.78933239,12.817453
16:36:50.067,3.1453655,2.3261228,10.343275
16:36:50.198,3.9517467,1.9265213,11.901003
16:36:50.337,5.3156557,0.58654064,11.465508
16:36:50.474,-2.3461626,-2.6054847,13.913366
16:36:50.597,-7.0791659,-2.9165516,7.5269227
16:36:50.720,-1.4009976,0.026620151,10.41506
16:36:50.839,5.5334024,0.096012011,8.6204424
16:36:50.967,2.044667,0.26590243,9.2545404
16:36:51.087,2.4969103,0.84017986,24.618855
16:36:51.245,0.89850491,-0.16241284,9.7953186
16:36:51.381,-0.051445685,0.46450669,9.4866447
16:36:51.487,0.029910283,0.44775695,9.8264256
16:36:51.627,0.0083748791,0.43340001,9.8096752
16:36:51.777,0.015553347,0.42143589,9.8264256
16:36:55.793,0.010767702,0.44057846,9.7905331
16:36:55.923,0.0035892338,0.45732823,9.7905331
16:36:56.057,0.013160525,0.43100718,9.7905331
16:36:56.181,0.020338992,0.4549354,9.7833548
16:36:56.397,0.0083748791,0.46211389,9.7905331
16:36:56.517,0.015553347,0.43340001,9.7953186
16:36:56.627,0.0035892338,0.44297129,9.7833548
16:36:56.767,0.0083748791,0.44536412,9.77139
16:36:56.877,0.015553347,0.45254257,9.8001041
16:36:56.997,0.010767702,0.45254257,9.7881403
16:36:57.139,0.0059820567,0.44297129,9.8072824
16:36:57.277,-0.0035892338,0.44536412,9.8001041
16:37:16.897,0.013160525,0.44536412,9.8001041
16:37:17.037,0.010767702,0.43340001,9.7929258
16:37:17.161,0.013160525,0.43579283,9.7881403
16:37:17.277,-0.0059820567,0.44775695,9.8001041
16:37:17.450,0.010767702,0.45972106,9.7977114
16:37:17.567,0.010767702,0.45014977,9.8048897
16:37:17.677,0.0059820567,0.43818563,9.7929258
16:37:17.797,0.015553347,0.43340001,9.7881403
16:37:17.928,0.010767702,0.45732823,9.8001041
16:37:18.051,0.010767702,0.43100718,9.7953186
16:37:18.182,-0.0011964113,0.44536412,9.8024969
16:37:18.374,0.013160525,0.4549354,9.8072824
16:44:46.955,0.046660043,0.44297129,9.7977114
16:44:47.080,0.046660043,0.44297129,9.8048897
16:44:47.203,0.049052864,0.44536412,9.8072824
16:44:47.335,0.044267219,0.45014977,9.7977114
16:44:47.493,0.051445685,0.45014977,9.7953186
16:44:47.675,0.05383851,0.46929234,9.7905331
16:44:47.793,0.051445685,0.44536412,9.7857475
16:44:47.978,0.041874398,0.44057846,9.7977114
16:44:48.097,0.044267219,0.44297129,9.7905331
16:44:48.308,0.034695927,0.43579283,9.8048897
16:44:48.446,0.051445685,0.44536412,9.7953186
16:44:48.612,0.034695927,0.45014977,9.8024969
16:44:48.730,0.041874398,0.4549354,9.8072824
16:44:48.865,0.049052864,0.45254257,9.7881403
16:44:49.008,0.037088752,0.46211389,9.8001041
16:44:49.129,0.046660043,0.44775695,9.8001041
16:44:49.268,0.039481573,0.44057846,9.8072824
16:44:49.398,0.039481573,0.43818563,9.8048897
16:44:49.529,0.032303106,0.45972106,9.8144608
16:44:49.651,0.037088752,0.44536412,9.8024969
16:44:49.879,0.046660043,0.44775695,9.812068
16:44:50.008,0.039481573,0.44297129,9.8144608
16:44:51.303,0.046660043,0.4764708,9.8072824
16:44:51.439,0.039481573,0.45254257,9.8096752
16:44:51.559,0.034695927,0.45014977,9.8048897
16:44:51.675,0.029910283,0.42861435,9.8024969
16:44:51.803,0.041874398,0.4549354,9.8144608
16:44:51.970,0.041874398,0.44775695,9.7929258
16:44:52.093,0.044267219,0.44775695,9.8144608
16:44:52.238,0.041874398,0.44057846,9.8192472
16:44:52.348,0.034695927,0.45732823,9.8072824
16:44:52.471,0.051445685,0.45254257,9.7929258
16:44:52.606,0.044267219,0.44775695,9.7905331
16:44:52.750,0.049052864,0.44057846,9.8072824
16:44:52.875,0.041874398,0.45254257,9.7929258
16:44:53.004,0.034695927,0.44775695,9.8001041
16:44:53.160,0.044267219,0.45014977,9.7953186
16:44:53.303,0.046660043,0.44057846,9.8001041
16:44:53.425,0.046660043,0.44297129,9.7929258
16:44:53.563,0.039481573,0.45014977,9.812068
16:44:53.681,0.05383851,0.45972106,9.7977114
16:44:53.819,0.044267219,0.45732823,9.7929258
16:44:53.947,0.049052864,0.45732823,9.8072824
16:44:54.075,0.032303106,0.44297129,9.8072824
16:44:54.208,0.032303106,0.45014977,9.7953186
16:44:54.325,0.041874398,0.44297129,9.8072824
16:44:54.480,0.044267219,0.46211389,9.7977114
16:44:54.608,0.037088752,0.45014977,9.8072824
16:44:54.725,0.039481573,0.44297129,9.8096752
16:44:54.840,0.032303106,0.44775695,9.7905331
16:44:54.996,0.046660043,0.44057846,9.8192472
16:44:55.118,0.037088752,0.43579283,9.8048897
16:44:55.314,0.044267219,0.45014977,9.8024969
16:44:55.433,0.051445685,0.43818563,9.7881403
16:44:55.564,0.041874398,0.45014977,9.812068
16:44:55.682,0.041874398,0.46929234,9.8096752
16:46:48.812,0.025124637,0.46211389,9.8192472
16:46:48.932,0.032303106,0.44536412,9.7953186
16:46:49.056,0.032303106,0.4549354,9.8001041
16:46:49.188,0.039481573,0.44536412,9.812068
16:46:49.310,0.041874398,0.4549354,9.8024969
16:46:49.433,0.051445685,0.45254257,9.8024969
16:46:49.576,0.041874398,0.45972106,9.8096752
16:46:49.699,0.044267219,0.44057846,9.8072824
16:46:49.826,0.037088752,0.44775695,9.7953186
16:46:49.936,0.039481573,0.44536412,9.8048897
16:46:50.109,0.037088752,0.45972106,9.8024969
16:46:50.325,0.034695927,0.46689951,9.8024969
16:46:50.469,0.044267219,0.43100718,9.8096752
16:46:50.601,0.051445685,0.43818563,9.709177
16:46:50.726,0.044267219,0.42861435,9.8001041
16:46:50.860,0.05383851,0.4549354,9.7905331
16:46:50.981,0.039481573,0.44297129,9.812068
16:46:51.116,0.041874398,0.45014977,9.7570333
16:46:51.244,0.049052864,0.44536412,9.7929258
16:46:51.400,0.084945202,0.43818563,9.4794664
16:46:51.539,0.015553347,0.46450669,9.7953186
16:46:51.651,0.039481573,0.43818563,9.8455677
16:46:51.853,0.037088752,0.43579283,9.7737827
16:46:51.976,0.037088752,0.44775695,9.8144608
16:46:52.097,0.058624156,0.42622152,9.7977114
16:46:52.405,0.05383851,0.44775695,9.7953186
16:46:52.582,0.029910283,0.45014977,9.8001041
16:46:52.705,0.039481573,0.44536412,9.8048897
16:46:52.839,0.046660043,0.45014977,9.8048897
16:46:53.226,0.034695927,0.43818563,9.8024969
16:46:53.398,0.041874398,0.44057846,9.8072824
16:46:53.509,0.039481573,0.44536412,9.7929258
16:46:53.640,0.051445685,0.44297129,9.8096752
16:46:53.759,0.041874398,0.45254257,9.8001041
16:46:53.897,0.041874398,0.46929234,9.8001041
16:46:54.025,0.049052864,0.44536412,9.8072824
16:46:54.148,0.046660043,0.45732823,9.7953186
16:46:54.296,0.041874398,0.44536412,9.7977114
16:46:54.462,0.044267219,0.44775695,9.7881403
16:46:54.597,0.051445685,0.43579283,9.7953186
16:46:54.725,0.037088752,0.44297129,9.7977114
16:46:54.849,0.039481573,0.44057846,9.8024969
16:46:54.955,0.046660043,0.43579283,9.7905331
16:46:55.081,0.032303106,0.43579283,9.8072824
16:46:55.269,0.041874398,0.44297129,9.7929258
16:46:55.394,0.041874398,0.45972106,9.8096752
16:46:55.506,0.039481573,0.43579283,9.7905331
16:46:55.650,0.041874398,0.43818563,9.8001041
16:46:55.826,0.041874398,0.44775695,9.8096752
16:46:55.977,0.046660043,0.44297129,9.8048897
16:46:56.091,0.041874398,0.44536412,9.7977114
16:46:56.504,0.044267219,0.43818563,9.8072824
16:46:56.642,0.039481573,0.44775695,9.8024969
16:46:56.777,0.041874398,0.43340001,9.7929258
16:46:56.915,0.041874398,0.46450669,9.8048897
16:46:57.060,0.044267219,0.45732823,9.8072824
16:46:57.175,0.049052864,0.45014977,9.8072824
16:46:57.306,0.032303106,0.44297129,9.8001041
16:46:57.443,0.039481573,0.43579283,9.8024969
16:46:57.562,0.037088752,0.44057846,9.8048897
16:46:57.701,0.046660043,0.45254257,9.7953186
16:46:57.839,0.041874398,0.45014977,9.7953186
16:46:57.968,0.037088752,0.44057846,9.7953186
16:46:58.112,0.046660043,0.44297129,9.7929258
16:46:58.293,0.029910283,0.44297129,9.8001041
16:46:58.430,0.044267219,0.44775695,9.8024969
16:46:58.536,0.041874398,0.43818563,9.8001041
16:46:58.653,0.039481573,0.46211389,9.8024969
16:46:58.776,0.049052864,0.44297129,9.7881403
16:46:58.897,0.041874398,0.4549354,9.7881403
16:46:59.025,0.041874398,0.44297129,9.7905331
16:46:59.158,0.041874398,0.45254257,9.8024969
16:46:59.307,0.037088752,0.44297129,9.7881403
16:46:59.431,0.046660043,0.43579283,9.8144608
16:46:59.575,0.041874398,0.44297129,9.7953186
16:46:59.713,0.041874398,0.45254257,9.8072824
16:46:59.866,0.041874398,0.4549354,9.7881403
16:46:59.980,0.034695927,0.44297129,9.8024969
16:47:00.115,0.037088752,0.44775695,9.8072824
16:47:00.295,0.039481573,0.43579283,9.8024969
16:47:00.433,0.046660043,0.4549354,9.8001041
16:47:00.571,0.046660043,0.45014977,9.8048897
16:47:00.703,0.034695927,0.45254257,9.7953186
16:47:00.837,0.046660043,0.43579283,9.8001041
16:47:00.956,0.039481573,0.44775695,9.8096752
16:47:01.076,0.037088752,0.46211389,9.8096752
16:47:01.199,0.044267219,0.45732823,9.7929258
16:47:01.326,0.039481573,0.44536412,9.8048897
16:47:01.455,0.041874398,0.45732823,9.7953186
16:47:01.676,0.039481573,0.44057846,9.7977114
16:47:05.418,0.049052864,0.44536412,9.7905331
16:47:05.628,0.041874398,0.46211389,9.8048897
16:47:05.751,0.044267219,0.44297129,9.8048897
16:47:06.125,0.044267219,0.45014977,9.8096752
16:47:06.265,0.041874398,0.45254257,9.8072824
16:47:06.401,0.05383851,0.45254257,9.7929258
16:47:06.532,0.044267219,0.44536412,9.8001041
16:47:06.665,0.039481573,0.43818563,9.7857475
16:47:07.137,0.049052864,0.45254257,9.7905331
16:47:07.326,0.058624156,0.46929234,9.8024969
16:47:07.462,0.041874398,0.44536412,9.8024969
16:47:07.600,0.044267219,0.44057846,9.7905331
16:47:07.702,0.037088752,0.45254257,9.7953186
16:47:07.833,0.039481573,0.45014977,9.7977114
16:47:07.954,0.029910283,0.45254257,9.8001041
16:47:08.078,0.032303106,0.45254257,9.8001041
16:47:08.212,0.034695927,0.44536412,9.8024969
16:47:08.359,0.025124637,0.45014977,9.8096752
16:47:08.480,0.039481573,0.4549354,9.8048897
16:47:08.612,0.049052864,0.45014977,9.8072824
16:47:08.729,0.039481573,0.43818563,9.8024969
16:47:08.868,0.039481573,0.45014977,9.7977114
16:47:08.986,0.039481573,0.43818563,9.8024969
16:47:09.139,0.039481573,0.44057846,9.7977114
16:48:24.487,0.032303106,0.4549354,9.7929258
16:48:24.644,0.049052864,0.44775695,9.7905331
16:48:24.754,0.044267219,0.45014977,9.8503532
16:48:24.866,0.061016977,0.46211389,9.8001041
16:48:24.977,0.039481573,0.45014977,9.8096752
16:48:25.088,0.056231331,0.43100718,9.7905331
16:48:25.221,0.077766739,0.45972106,9.8144608
16:48:25.345,0.02751746,0.44297129,9.7857475
16:48:25.448,0.029910283,0.42382872,9.7977114
16:48:25.590,0.051445685,0.46211389,9.8168535
16:48:25.726,0.039481573,0.42143589,9.8240328
16:48:25.853,0.051445685,0.48604211,9.8048897
16:48:25.990,0.041874398,0.3999005,9.8024969
16:48:26.145,0.022731815,0.474078,9.82164
16:48:26.326,0.077766739,0.42861435,9.7881403
16:48:26.459,0.051445685,0.46211389,9.8288183
16:48:26.575,0.041874398,0.44297129,9.7857475
16:48:26.713,0.029910283,0.4764708,9.8024969
16:48:26.832,0.049052864,0.43579283,9.7977114
16:48:26.954,0.044267219,0.42382872,9.8096752
16:48:27.076,0.058624156,0.4956134,9.7785692
16:48:27.199,0.029910283,0.45014977,9.8048897
16:48:27.337,0.046660043,0.40707895,9.7977114
16:48:27.455,0.044267219,0.44057846,9.8001041
16:48:27.577,0.063409798,0.4764708,9.7833548
16:48:27.699,0.029910283,0.45732823,9.7881403
16:48:27.826,0.056231331,0.43340001,9.8024969
16:48:27.947,0.05383851,0.43818563,9.7761765
16:48:28.076,0.065802626,0.4549354,9.812068
16:48:28.198,0.049052864,0.45014977,9.7833548
16:48:28.337,0.041874398,0.44536412,9.7881403
16:48:28.476,0.049052864,0.45254257,9.7977114
16:48:28.606,0.05383851,0.43100718,9.8024969
16:48:28.738,0.049052864,0.45972106,9.812068
16:48:28.851,0.046660043,0.44057846,9.7785692
16:48:28.976,0.044267219,0.44536412,9.8072824
16:48:29.090,0.051445685,0.44775695,9.7857475
16:48:29.227,0.058624156,0.43340001,9.8001041
16:48:29.349,0.041874398,0.4549354,9.8001041
16:48:29.467,0.056231331,0.43100718,9.8096752
16:48:29.590,0.05383851,0.44057846,9.7977114
16:48:29.728,0.034695927,0.43340001,9.8001041
16:48:29.904,0.051445685,0.44057846,9.8072824
16:48:41.339,0.032303106,0.44775695,9.77139
16:48:41.468,0.039481573,0.44536412,9.7857475
16:48:41.591,0.05383851,0.43579283,9.7977114
16:48:42.795,0.044267219,0.44297129,9.7881403
16:48:42.941,0.034695927,0.4549354,9.7977114
16:48:43.095,0.049052864,0.4549354,9.7953186
16:48:43.296,0.049052864,0.44775695,9.8001041
16:48:43.429,0.041874398,0.4549354,9.7953186
16:48:43.551,0.051445685,0.45732823,9.7905331
16:48:43.667,0.061016977,0.45014977,9.7953186
16:48:43.805,0.051445685,0.45014977,9.7953186
16:48:43.927,0.049052864,0.45254257,9.8671036
16:48:44.049,0.049052864,0.44775695,9.8096752
16:48:44.176,0.044267219,0.44297129,9.8192472
16:48:44.289,0.044267219,0.43579283,9.8647108
16:48:44.405,0.79561353,-0.55483574,9.7474623
16:48:44.543,4.9375896,-6.2018971,9.309576
16:48:44.669,2.408376,-4.5987062,7.3713894
16:48:44.795,4.3513479,-5.1825547,6.3329043
16:48:44.917,9.550952,-5.1251268,6.5650082
16:48:45.056,6.0957155,-2.4882364,7.5077801
16:48:45.172,13.987245,-4.560421,11.156835
16:48:45.312,10.847861,-12.265309,2.1909282
16:48:45.438,1.1234303,-7.8242311,9.2090769
16:48:45.570,-5.4137611,-7.4557362,15.327524
16:48:45.711,1.4081762,-16.498213,21.78336
16:48:45.826,10.407582,-17.034204,3.4232318
16:48:45.986,12.695121,-1.9331015,-8.0144606
16:48:46.140,19.986052,1.2110673,11.680862
16:48:46.246,11.536994,-7.0345993,19.098614
16:48:46.376,5.5549378,-4.4048872,12.724133
16:48:46.512,5.7822561,-1.3971093,6.7851477
16:48:46.672,0.67836523,-7.3887372,8.3237324
16:48:46.817,9.0053883,-9.0589275,15.399309
16:48:46.945,13.841283,-8.4846497,15.107385
16:48:47.063,10.453046,-3.9047875,6.3161545
16:48:47.201,4.3322053,0.97896355,4.8732824
16:48:47.398,3.2961133,4.3289151,8.2160559
16:48:47.507,3.3774691,3.7785661,8.8477612
16:48:47.626,2.8151557,2.4960132,8.6060858
16:48:47.758,2.7577281,0.1055833,6.9358954
16:48:47.876,0.98225367,-0.093020983,10.331311
16:48:47.986,1.9824536,-1.2415758,10.221241
16:48:48.126,2.5399811,-0.11934203,9.9508524
16:48:48.248,3.5617166,-0.55483574,9.3837528
16:48:48.380,6.6221366,-0.96161562,9.0296154
16:48:48.498,7.263413,-2.3087747,11.472688
16:48:48.620,4.581059,-3.2300115,9.9891376
16:48:48.746,5.6171513,-2.7394829,6.5386868
16:48:48.896,6.8398833,-3.6272199,8.3404827
16:48:49.021,2.4035904,-2.3135605,7.5053873
16:48:49.138,12.613765,0.54346985,4.3205404
16:48:49.298,10.467402,2.2591236,2.3225334
16:48:49.417,4.6145587,-0.80129647,6.4046888
16:48:49.958,6.09093,-8.4966145,6.131907
16:48:50.099,13.214363,-8.4870424,10.505987
16:48:50.222,5.7655063,-1.2391831,6.3951178
16:48:50.344,9.5533447,-0.97118688,7.201499
16:48:50.459,14.360525,-1.8996021,11.326725
16:48:51.093,16.600206,-4.7614179,12.750455
16:48:51.308,-0.82193458,1.6393826,-4.0710888
16:48:51.450,-4.0833516,11.093425,-7.0214391
16:48:51.584,-0.44386861,10.284651,-4.1285162
16:48:51.717,-0.72622168,1.8188443,-1.9725832
16:48:51.961,0.041874398,12.627224,6.3807607
16:48:52.081,8.773284,15.283257,3.9424744
16:48:52.202,-0.52283174,6.3771715,-1.1207383
16:48:52.326,-2.0398812,9.0619183,-0.77617186
16:48:52.462,12.008381,16.364813,2.6288147
16:48:52.596,-0.58743799,6.9107709,1.3486546
16:48:52.730,-0.34815571,3.7833517,0.21924238
16:48:52.911,-0.59222358,9.4878407,4.5478587
16:48:53.032,4.4494538,11.930913,5.686842
16:48:53.183,0.037088752,6.8916283,3.8778682
16:48:53.315,1.6331015,5.7693944,1.6764714
16:48:53.456,5.9090757,7.1261249,4.4138603
16:48:53.584,2.0518453,5.927321,3.882654
16:48:53.703,5.8827543,5.532505,6.0098734
16:48:53.842,7.6558361,8.2722874,5.2657051
16:48:54.002,4.9806604,9.3562355,3.2389846
16:48:54.127,5.3826547,8.9973125,0.37716866
16:48:54.251,10.144372,11.878271,4.0621157
16:48:54.403,1.6905292,4.5849471,2.2363918
16:48:54.558,0.48215377,5.7191453,0.28624141
16:48:54.694,9.2590275,11.509776,8.5008011
16:48:54.816,8.1966143,7.4156566,6.648757
16:48:54.926,1.3603196,4.4605207,3.1002009
16:48:55.045,1.7527425,4.5275197,1.2888341
16:48:55.187,5.4065828,12.509975,1.2672987
16:48:55.306,6.7609205,13.541283,1.695614
16:48:55.444,2.894119,4.7715874,3.2772696
16:48:55.561,0.59940207,3.8024943,0.33170503
16:48:55.689,1.6977077,7.9468632,2.2698913
16:48:55.826,4.7270212,10.586146,9.5177507
16:48:55.955,1.7551354,6.264709,3.0236306
16:48:56.076,2.9467611,6.736095,-0.13489537
16:48:56.259,13.716856,14.632409,2.7771697
16:48:56.476,1.1066805,3.3335011,3.2844481
16:48:56.596,-0.38644084,3.6924245,1.9995024
16:48:56.717,0.88414794,6.7576303,5.8208404
16:48:56.856,6.0813589,11.105389,7.1057858
16:48:56.984,-0.049052864,7.5472617,4.9163532
16:48:57.092,2.812763,6.8078794,0.750449
16:48:57.492,7.0695944,11.349457,3.3466616
16:48:57.607,-0.41754755,4.4150567,2.7317061
16:48:57.745,3.6335013,9.3993063,8.5941219
16:48:57.880,4.2628136,8.9781694,7.7853475
16:48:57.997,-0.12323037,5.9895344,4.7895336
16:48:58.126,2.1427727,6.7959156,3.6696925
16:48:58.257,1.7001005,8.8968134,6.4046888
16:48:58.377,-0.42711884,5.0012984,4.7177491
16:48:58.497,5.066802,2.9099715,9.8312111
16:48:58.646,2.5088747,-0.28444681,9.7139626
16:48:58.791,3.6095729,0.65832531,14.073686
16:48:58.926,1.4703895,-3.2587254,10.66152
16:48:59.049,0.78843504,-0.27966115,8.3572321
16:48:59.176,-0.90089774,-1.0190433,17.648563
16:48:59.386,-0.97028959,0.96699947,11.216655
16:48:59.526,0.02751746,0.42622152,9.7953186
16:48:59.643,0.029910283,0.44536412,9.8048897
16:48:59.766,0.015553347,0.43579283,9.7785692
16:48:59.908,0.032303106,0.44775695,9.7929258
16:49:00.045,0.015553347,0.42143589,9.8048897
16:49:00.166,0.025124637,0.44297129,9.7977114
16:49:00.288,0.017946171,0.43340001,9.7953186
16:49:00.444,0.029910283,0.45014977,9.8072824
16:50:21.696,0.022731815,0.43340001,9.8001041
16:50:21.876,0.015553347,0.44057846,9.8001041
16:50:22.003,0.022731815,0.44775695,9.7761765
16:50:22.132,0.029910283,0.43340001,9.8096752
16:50:22.308,0.020338992,0.44057846,9.7977114
16:50:22.464,0.015553347,0.43340001,9.8168535
16:50:22.608,0.037088752,0.43579283,9.7666044
16:50:22.742,0.020338992,0.43818563,9.7546406
16:50:22.853,0.015553347,0.44297129,9.8503532
16:50:22.976,0.032303106,0.44057846,9.7905331
16:50:23.133,0.013160525,0.44536412,9.8072824
16:50:23.255,0.015553347,0.44297129,9.7857475
16:50:23.385,0.017946171,0.45254257,9.7977114
16:50:23.527,0.02751746,0.43340001,9.7833548
16:50:23.671,0.020338992,0.4549354,9.7977114
16:50:23.796,0.025124637,0.43579283,9.7977114
16:50:23.934,0.020338992,0.43579283,9.8048897
16:50:24.068,0.02751746,0.45014977,9.7881403
16:50:24.192,0.013160525,0.44536412,9.7881403
16:50:24.505,0.015553347,0.44536412,9.7905331
16:50:24.646,0.017946171,0.44057846,9.8072824
16:50:24.811,0.022731815,0.42622152,9.7929258
16:50:24.962,0.010767702,0.43100718,9.8001041
16:50:25.097,0.022731815,0.44775695,9.7881403
16:50:25.247,0.025124637,0.43100718,9.8001041
16:50:25.376,0.034695927,0.44057846,9.7953186
16:50:25.513,0.02751746,0.45254257,9.7881403
16:50:25.653,0.020338992,0.44536412,9.7929258
16:50:25.780,0.022731815,0.43100718,9.8001041
16:50:25.913,0.015553347,0.43579283,9.8048897
16:50:26.026,0.025124637,0.37836507,9.7881403
16:50:26.176,0.0059820567,0.44297129,9.8072824
16:50:26.351,0.013160525,0.45732823,9.812068
16:50:26.508,0.0083748791,0.45732823,9.8001041
16:50:26.647,0.039481573,0.39750767,9.7953186
16:50:26.765,0.015553347,0.45732823,9.8144608
16:50:26.888,0.02751746,0.42861435,9.7354984
16:50:27.031,-3.5401812,-3.4453654,9.3885384
16:50:27.176,1.2071791,-5.8740807,11.518151
16:50:27.298,-3.8895333,-4.4048872,10.149456
16:50:27.439,8.5842514,-3.3807592,10.04178
16:50:27.566,8.6440716,0.074476607,7.9456668
16:50:27.688,5.1266227,1.3570296,7.4551382
16:50:27.812,5.4807601,2.5941188,8.4696951
16:50:27.964,3.7172499,1.9839491,9.6326065
16:50:28.126,2.6189444,1.8714864,9.1731844
16:50:28.326,2.8223343,1.7087744,9.5536432
16:50:28.476,2.8414769,2.2854447,8.9985085
16:50:28.590,2.7170501,1.9360926,9.0224371
16:50:28.742,3.6861434,1.7111673,8.8477612
16:50:28.867,3.9661036,2.3835504,8.1514492
16:50:28.990,5.9880385,3.9675992,4.5430727
16:50:29.116,3.6885362,1.1847463,5.0934219
16:50:29.244,2.786442,7.9707913,11.527722
16:50:29.379,7.9525461,0.076869428,12.460923
16:50:29.501,5.9353967,-0.84676009,11.697613
16:50:30.405,5.2127643,-0.47826543,11.544472
16:50:30.535,6.3158555,0.17018951,5.7466626
16:50:30.653,9.8261261,0.031405795,6.1965132
16:50:30.821,9.1609211,-4.6824546,9.9891376
16:50:30.946,5.7990055,-4.0698924,6.4645095
16:50:31.102,1.2430713,-2.2872393,4.6076789
16:50:31.526,6.8422766,-0.1911267,5.0024948
16:50:31.664,10.388439,-2.2178476,3.1791639
16:50:31.792,13.649857,-3.9239299,5.4020963
16:50:31.953,7.5266237,-3.2850463,3.9687955
16:50:32.155,9.8811607,-4.2182474,2.4158535
16:50:32.304,7.5936227,-7.1805615,5.1460643
16:50:32.427,5.1026945,-3.5985062,5.4595242
16:50:32.581,7.7635131,0.072083779,6.3305116
16:50:32.753,8.926425,-3.5434713,6.0218372
16:50:32.894,3.4707892,-3.8545382,3.4974093
16:50:33.032,7.9740815,-3.344867,3.7749767
16:50:33.404,5.2103715,-1.1673983,6.9287171
16:50:33.530,8.9479599,-2.6581268,5.6748781
16:50:33.666,10.833505,-4.7111688,6.6391854
16:50:33.800,6.6699929,-3.2682967,4.2822552
16:50:33.917,5.9760747,-4.1991048,4.3468614
16:50:34.055,7.7587276,-6.8934231,4.8732824
16:50:34.157,8.3808613,-5.476872,4.8852468
16:50:34.458,7.3519478,-4.92413,5.8112688
16:50:34.579,15.181263,-4.5532422,7.4216385
16:50:34.706,6.9930243,-3.7468612,6.0218372
16:50:34.830,2.7768707,-2.6748767,3.9927237
16:50:34.951,3.5186458,-5.3237314,5.3398829
16:50:35.090,15.221941,-7.3289165,3.8156548
16:50:35.226,5.0739803,-0.8994022,4.5741796
16:50:35.344,3.9708891,-0.92333043,4.7321057
16:50:35.479,13.546966,-2.091028,6.495616
16:50:35.612,9.3020983,-3.7731822,6.239584
16:50:35.729,5.9856458,-4.0316072,3.784548
16:50:35.853,0.86979103,-3.3329029,3.9544384
16:50:35.985,8.4933243,-8.7933245,6.096015
16:50:36.126,8.4885387,-3.6224344,6.6200428
16:50:36.309,4.1694937,-0.73669028,4.9283175
16:50:36.447,14.690735,-3.0385857,6.064908
16:50:36.581,10.989038,-5.7592249,5.1317072
16:50:36.702,5.6650076,-5.2375898,3.8754754
16:50:36.836,1.7264216,-4.4024944,3.2150564
16:50:36.954,6.7776699,-7.5586276,5.1963134
16:50:37.076,9.5413799,-6.2306108,5.9237313
16:50:37.182,5.8803616,-0.96400845,5.8232331
16:50:37.314,13.556537,-3.3472598,3.3466616
16:50:37.448,14.863018,-2.7107689,6.9023962
16:50:37.583,8.6249294,-5.8501525,4.3181477
16:50:37.698,4.1072803,-4.744668,4.0118661
16:50:37.840,5.8779688,-5.9506507,4.0046878
16:50:37.977,10.560722,-7.6328053,3.5285161
16:50:38.099,5.9282179,-2.0766709,5.2274203
16:50:39.237,6.5120668,-3.6320057,4.1339002
16:50:39.370,12.451053,-1.9618155,6.4908304
16:50:39.505,10.589437,-5.8932233,4.6483569
16:50:39.626,6.6867428,-4.7997031,4.555037
16:50:39.776,3.5856447,-5.0892348,3.8563328
16:50:39.916,7.9214392,-8.3769732,2.1837497
16:50:40.082,6.4977098,-3.1079776,4.8708897
16:50:40.201,9.6490574,-3.7277186,4.6411786
16:50:40.326,14.295918,-1.8349959,7.3139615
16:50:40.453,11.809776,-4.2828536,5.404489
16:50:40.585,7.0384879,-5.6012988,3.3083763
16:50:40.701,4.2723846,-4.790132,3.7582271
16:50:40.826,6.2033925,-6.6302123,3.5548372
16:50:41.013,5.3874402,-5.3739805,5.9524455
16:50:41.135,6.5527449,-3.6990047,5.6054859
16:50:41.326,12.326626,-3.8545382,3.9185462
16:50:41.461,11.096715,-6.0678992,4.4258246
16:50:41.580,7.0193453,-6.0415783,3.6720855
16:50:41.703,2.5040889,-5.180162,4.2391844
16:50:41.809,5.5310097,-8.5707912,4.9259243
16:50:41.942,9.3810616,-8.4487581,4.5789652
16:50:42.048,7.4285178,-4.0555353,3.8036907
16:50:42.162,11.053644,-5.0964131,3.3514471
16:50:42.281,14.853447,-2.978765,5.8423758
16:50:42.388,11.953345,-4.3115673,6.5913291
16:50:42.514,6.899704,-6.1899333,3.8515472
16:50:42.648,3.4827533,-4.9839506,3.6840496
16:50:42.763,5.3659048,-7.7931242,4.8158545
16:50:42.922,5.9401822,-5.1514482,4.9115677
16:50:43.049,6.0598235,-5.0150571,3.7797625
16:50:43.183,18.354147,-4.0100718,0.14506488
16:50:43.506,18.165113,-4.2086759,2.8250263
16:50:43.631,2.1786649,-5.4314084,4.6244287
16:50:43.733,8.0961151,-9.0708914,4.7895336
16:50:43.866,8.2420778,-4.2780676,3.4974093
16:50:43.982,9.6466646,-0.22941187,2.5761726
16:50:44.090,11.132607,0.28265217,2.5881367
16:50:44.216,14.571094,-5.5319071,1.8535402
16:50:44.339,7.4021969,-5.1729836,5.1364927
16:50:44.476,2.7098715,-3.088835,4.2008991
16:50:44.594,7.5003028,-8.4631147,4.8373899
16:50:44.700,13.022937,-7.7093754,3.8754754
16:50:44.833,3.8129628,-1.7105691,4.4186463
16:50:44.951,13.755141,-6.0942202,5.5767722
16:50:45.078,12.271591,-5.5558352,5.7227345
16:50:45.306,3.4588251,-4.9313083,3.4519458
16:50:45.445,8.6991072,-10.611869,2.6503501
16:50:45.561,1.8005991,-4.9217372,6.9957161
16:50:45.684,5.6769719,-6.1995044,3.772584
16:50:45.826,5.4281182,-5.6922259,6.4980092
16:50:45.967,4.7078786,-7.175776,3.8898323
16:50:46.100,4.0378881,-6.8934231,5.026423
16:50:46.233,4.4781675,-7.4102726,4.3109689
16:50:46.390,4.621737,-7.6375909,3.9879379
16:50:46.502,4.4350967,-8.0443707,3.7031922
16:50:46.650,4.7365923,-7.8984084,3.7917266
16:50:46.776,4.6073799,-7.6782689,3.7606199
16:50:46.908,4.8849473,-8.2190466,3.3634114
16:50:47.030,4.7581277,-8.2214394,3.4375889
16:50:47.169,4.9423752,-7.9797645,3.6984065
16:50:48.426,4.3585262,-7.9821572,3.7749767
16:50:48.758,4.2388854,-8.4463644,2.7029922
16:50:48.892,4.3848476,-7.8553376,3.3729825
16:50:49.026,3.9756749,-7.9247293,3.595515
16:50:49.158,4.3465624,-8.1927252,3.0188448
16:50:49.309,4.4135613,-8.3769732,2.9662027
16:50:49.433,4.2747779,-7.9893355,3.1767712
16:50:49.555,4.3130627,-8.0347996,3.2102706
16:50:49.678,4.4518466,-8.235796,3.2126634
16:50:49.788,4.2699919,-8.1903324,3.2006993
16:50:49.913,4.5882373,-8.0491562,2.9733813
16:50:50.039,4.2747779,-8.286046,2.9327033
16:50:50.156,4.4590249,-8.1664047,3.2389846
16:50:50.309,4.0402808,-8.2692957,3.0954151
16:50:50.449,4.8945189,-8.2812605,3.1839497
16:50:50.584,4.2484565,-8.2405825,3.3131621
16:50:50.701,4.3920259,-8.2692957,2.7675984
16:50:50.840,4.29392,-8.2549391,2.8513472
16:50:50.976,4.284349,-8.1233339,3.2485559
16:50:51.076,4.2053857,-8.3099737,3.112165
16:50:51.212,4.3202415,-8.1999044,2.9781668
16:50:51.326,4.1240296,-8.1472616,2.9111679
16:50:51.459,4.442275,-8.2429752,3.0116663
16:50:51.579,4.150351,-8.1927252,3.1360931
16:50:51.702,4.1336012,-8.1113701,3.0714869
16:50:51.826,4.3369908,-8.132905,2.8417759
16:50:51.948,4.5260239,-8.2286177,3.042773
16:50:52.096,4.1862431,-8.3817587,3.0619156
16:50:52.484,3.8847475,-8.4942217,2.9590242
16:50:52.620,4.4111686,-8.2836533,2.9925239
16:50:52.763,4.1575294,-8.3123665,2.8848467
16:50:52.896,4.6672006,-8.2501535,2.4326034
16:50:53.014,4.6002016,-7.9008012,2.9207392
16:50:53.138,3.8392839,-8.8411808,2.5546372
16:50:53.276,4.2963133,-8.5253277,2.5187449
16:50:53.400,4.5858445,-8.2549391,2.6024938
16:50:53.526,4.0498524,-8.6377907,2.5259235
16:50:53.660,4.3944187,-8.5348997,2.4421747
16:50:53.783,4.5882373,-8.3769732,2.2292135
16:51:15.331,0.037088752,0.43818563,9.7977114
16:51:15.455,0.039481573,0.44775695,9.7953186
16:51:15.582,0.029910283,0.43100718,9.812068
16:51:15.726,0.032303106,0.43579283,9.8048897
16:51:15.849,0.046660043,0.43818563,9.8072824
16:51:15.979,0.037088752,0.44297129,9.8072824
16:51:16.196,0.037088752,0.44775695,9.7977114
16:51:16.297,0.022731815,0.44297129,9.8072824
16:51:16.430,0.049052864,0.43340001,9.8001041
16:51:16.552,0.034695927,0.45732823,9.8024969
16:51:16.686,0.034695927,0.44775695,9.7929258
16:51:16.816,0.041874398,0.44536412,9.8001041
16:51:16.950,0.034695927,0.44057846,9.7905331
16:51:17.076,0.039481573,0.44536412,9.8001041
16:51:17.519,0.032303106,0.44297129,9.8024969
16:51:17.656,0.039481573,0.42861435,9.7977114
16:51:17.804,0.037088752,0.45254257,9.7881403
16:51:17.928,0.044267219,0.44775695,9.7977114
16:51:18.051,0.032303106,0.45254257,9.8001041
16:51:19.144,0.046660043,0.43818563,9.8144608
16:51:20.452,0.039481573,0.44536412,9.7881403
16:51:20.586,0.041874398,0.44536412,9.8024969
16:51:20.709,0.044267219,0.43340001,9.7953186
16:51:20.833,0.037088752,0.45014977,9.8072824
16:51:20.954,0.046660043,0.45254257,9.7929258
16:51:21.077,0.037088752,0.44536412,9.8096752
16:51:21.215,0.032303106,0.44536412,9.7881403
16:51:21.735,0.037088752,0.43579283,9.7905331
16:51:21.866,0.034695927,0.43340001,9.7953186
16:51:21.989,0.032303106,0.45254257,9.7953186
16:51:22.096,0.041874398,0.44297129,9.7977114
16:51:22.516,0.041874398,0.43579283,9.7977114
16:51:22.649,0.02751746,0.42622152,9.7857475
16:51:22.783,0.051445685,0.44057846,9.7953186
16:51:22.915,0.039481573,0.44057846,9.8024969
16:51:23.050,0.02751746,0.44536412,9.7953186
16:51:23.183,0.039481573,0.43340001,9.7953186
16:51:23.316,0.02751746,0.45972106,9.8048897
16:51:23.450,0.044267219,0.44775695,9.7953186
16:51:23.647,0.029910283,0.45014977,9.7929258
16:51:23.810,0.039481573,0.43340001,9.8001041
16:51:23.938,0.034695927,0.44057846,9.8024969
16:51:24.068,0.029910283,0.43100718,9.7905331
16:51:24.191,0.044267219,0.44057846,9.7881403
16:51:25.440,0.044267219,0.44536412,9.7929258
16:51:25.591,0.025124637,0.45972106,9.7953186
16:51:26.000,0.029910283,0.45732823,9.8001041
16:51:26.141,0.037088752,0.44297129,9.8024969
16:51:26.326,0.034695927,0.44536412,9.8096752
16:51:26.460,0.044267219,0.44297129,9.8024969
16:51:26.582,0.034695927,0.45014977,9.8048897
16:51:26.708,0.039481573,0.44775695,9.7929258
16:51:27.129,0.034695927,0.44297129,9.7929258
16:51:27.539,0.041874398,0.45972106,9.7953186
16:51:27.773,0.034695927,0.45014977,9.8001041
16:51:27.898,0.032303106,0.45014977,9.8024969
16:51:28.017,0.044267219,0.45972106,9.8024969
16:51:28.126,0.039481573,0.45254257,9.8048897
16:51:28.262,0.044267219,0.43340001,9.7905331
16:51:28.399,0.029910283,0.4549354,9.7977114
16:51:28.517,0.049052864,0.44536412,9.7905331
16:51:28.671,0.041874398,0.43340001,9.7953186
16:51:28.796,0.039481573,0.45014977,9.8024969
16:51:28.933,0.034695927,0.43579283,9.8048897
16:51:29.067,0.029910283,0.41904306,9.8072824
16:51:29.184,0.039481573,0.44775695,9.82164
16:51:30.467,0.05383851,0.49082774,9.7929258
16:51:30.611,0.037088752,0.45254257,9.7881403
16:51:30.714,0.029910283,0.44775695,9.7881403
16:51:30.853,0.02751746,0.45014977,9.8072824
16:51:30.977,0.025124637,0.44775695,9.8001041
16:51:31.108,0.041874398,0.45014977,9.8048897
16:51:31.232,0.039481573,0.44297129,9.8024969
16:51:31.383,0.041874398,0.45254257,9.8072824
16:51:31.526,0.034695927,0.43579283,9.812068
16:51:31.691,0.029910283,0.43818563,9.7929258
16:51:31.827,0.034695927,0.44297129,9.7977114
16:51:31.949,0.032303106,0.45014977,9.7953186
16:51:32.076,0.037088752,0.44775695,9.7905331
16:51:32.199,0.037088752,0.4549354,9.7857475
16:51:32.496,0.056231331,0.44775695,9.7953186
16:51:32.664,0.029910283,0.45254257,9.8048897
16:51:32.789,0.039481573,0.44297129,9.7905331
16:51:32.910,0.037088752,0.44775695,9.7977114
16:51:33.033,0.046660043,0.43579283,9.7929258
16:51:33.156,0.039481573,0.43579283,9.7953186
16:51:33.278,0.034695927,0.43818563,9.8072824
16:51:33.416,0.034695927,0.44297129,9.7953186
16:51:33.581,0.029910283,0.43579283,9.7881403
16:51:33.699,0.032303106,0.43340001,9.8024969
16:51:33.839,0.034695927,0.43579283,9.7929258
16:51:33.976,0.032303106,0.43818563,9.8096752
16:51:34.105,0.046660043,0.4549354,9.7929258
16:51:35.283,0.037088752,0.4549354,9.8024969
16:51:35.416,0.032303106,0.42382872,9.8168535
16:51:35.551,0.02751746,0.44057846,9.8072824
16:51:35.669,0.041874398,0.42382872,9.7929258
16:51:35.808,0.034695927,0.45732823,9.812068
16:51:35.942,0.046660043,0.44297129,9.8096752
16:51:36.042,0.041874398,0.44057846,9.7953186
16:51:36.181,0.034695927,0.45254257,9.8072824
16:51:36.323,0.039481573,0.43818563,9.8072824
16:51:36.452,0.068195447,0.45254257,9.8168535
16:51:36.602,0.037088752,0.44057846,9.8001041
16:51:36.705,0.044267219,0.44536412,9.8048897
16:51:36.868,0.037088752,0.44297129,9.7953186
16:51:36.986,0.041874398,0.45014977,9.8024969
16:51:37.115,0.039481573,0.44775695,9.8072824
16:51:37.552,0.029910283,0.44536412,9.8024969
16:51:37.682,0.044267219,0.44297129,9.8001041
16:51:37.827,0.039481573,0.44297129,9.7953186
16:51:37.963,0.041874398,0.45254257,9.8001041
16:51:38.098,0.041874398,0.46211389,9.8096752
16:51:38.200,0.02751746,0.4549354,9.8001041
16:51:38.332,0.046660043,0.44057846,9.7953186
16:51:38.465,0.041874398,0.44297129,9.8001041
16:51:38.615,0.046660043,0.43818563,9.7857475
16:51:38.739,0.037088752,0.44775695,9.7977114
16:51:38.866,0.05383851,0.43818563,9.7953186
16:51:38.983,0.041874398,0.43340001,9.7905331
16:51:39.126,0.041874398,0.44536412,9.8024969
16:51:40.226,0.02751746,0.44297129,9.8048897
16:51:40.343,0.032303106,0.4549354,9.82164
16:51:40.478,0.037088752,0.45014977,9.812068
16:51:40.612,0.049052864,0.41665024,9.8048897
16:51:40.730,0.02751746,0.47168517,9.812068
16:51:40.874,0.041874398,0.41904306,9.8096752
16:51:41.001,0.029910283,0.46929234,9.8096752
16:51:41.145,0.034695927,0.43579283,9.8048897
16:51:41.291,0.02751746,0.44057846,9.8024969
16:51:41.426,0.034695927,0.44775695,9.8144608
16:51:41.542,0.034695927,0.44297129,9.8096752
16:51:41.658,0.056231331,0.45254257,9.812068
16:51:41.776,0.034695927,0.43818563,9.812068
16:51:41.940,0.022731815,0.42143589,9.8048897
16:51:42.060,0.034695927,0.43100718,9.8001041
16:51:42.192,0.05383851,0.44775695,9.8001041
16:51:42.346,0.044267219,0.4549354,9.7953186
16:51:42.465,0.034695927,0.43340001,9.8096752
16:51:42.591,0.032303106,0.45254257,9.7977114
16:51:42.727,0.044267219,0.44297129,9.7881403
16:51:42.827,0.039481573,0.43579283,9.7857475
16:51:42.954,0.041874398,0.44775695,9.8096752
16:51:43.078,0.039481573,0.43100718,9.8048897
16:51:43.295,0.041874398,0.45014977,9.8072824
