timestamp,posX,posY,posZ
16:22:40.845,0.00010767702000000002,0.0044775695,0.196124969
16:22:40.971,0.00017946170200000002,0.0131216414,0.5881595580000001
16:22:41.115,0.00021535404600000005,0.0261954262,1.1763191160000002
16:22:41.242,0.00014356937000000003,0.0436032111,1.960507932
16:22:41.379,3.5892356e-05,0.0649621444,2.9408217170000004
16:22:41.521,-8.374877100000003e-05,0.09077471890000001,4.117045122
16:22:41.640,-0.0004307080480000001,0.12096914970000001,5.489608855
16:22:41.780,-0.0008135596630000001,0.15556936510000002,7.058177919
16:22:41.897,-0.001328016528,0.19459929340000004,8.822776241
16:22:42.040,-0.0017587246020000001,0.23796322180000004,10.783451677
16:22:42.156,-0.0020817556560000002,0.28587650420000005,12.940204227
16:22:42.356,-0.002392822597,0.33824342780000005,15.29293818
16:22:42.490,-0.002787638329,0.39496827970000004,17.841773174
16:22:42.623,-0.003314059311,0.45612284450000007,20.586685282
16:22:42.734,-0.003876372631,0.5215396245000001,23.527674504
16:22:42.857,-0.004402793613,0.5914100457000001,26.66483655
16:22:42.979,-0.0050368916150000005,0.6657341081000001,29.998075710000002
16:22:43.099,-0.005682953730000001,0.7443682423000001,33.527511622
16:22:43.271,-0.006245267054,0.8274320894000001,37.252928937
16:22:43.403,-0.006723831587,0.9148538648000002,41.174351582999996
16:22:43.521,-0.007142575553,1.0065617837000003,45.291707777
16:22:43.660,-0.007597211857,1.1026276309000003,49.605236794999996
16:22:43.777,-0.008063812274,1.2031710476000004,54.114890781999996
16:22:43.899,-0.008542376804,1.3078809667000004,58.8205501
16:22:44.019,-0.009008977221,1.4169727421000005,63.722358314999994
16:22:44.144,-0.009487541750999999,1.5305181587000005,68.82029149899999
16:22:44.278,-0.009571290550999999,1.6493068481000006,74.11289003399999
16:22:44.400,-0.009451649430999999,1.7717834754000006,79.60156568299999
16:22:44.522,-0.009320044197999998,1.8986180310000007,85.28598344899999
16:22:44.645,-0.009415757114999998,2.0301455100000005,91.16676547099999
16:22:44.783,-0.009451649464999998,2.1657916351000006,97.24338531999999
16:22:44.901,-0.009379864794999998,2.3060828271000005,103.51613013799998
16:22:45.024,-0.009391828915999998,2.4505883780000004,109.98495206999998
16:22:45.149,-0.009391828923999998,2.5994518572000005,116.64992289899998
16:22:45.277,-0.009475577722999997,2.7525775516000004,123.51087513099998
16:22:45.401,-0.009523434183999997,2.9101090306000006,130.56797625999997
16:22:45.523,-0.009583254757999995,3.0721659353000006,137.82115450299997
16:22:45.662,-0.009631111218999995,3.2383893424000005,145.27043378699997
16:22:45.795,-0.009762716470999994,3.4091142472000007,152.91579018499996
16:22:45.912,-0.010025926972999994,3.5842449366000007,160.75722369699997
16:22:46.050,-0.010348958041999994,3.763613913200001,168.79475824999997
16:22:46.190,-0.010707881448999994,3.947269033300001,177.02841777199998
16:22:46.317,-0.011150553646999994,4.135282081700001,185.45808262499997
16:22:46.460,-0.011653046411999993,4.327581273600001,194.08377673599998
16:22:46.584,-0.012287144426999992,4.524262321800001,202.90552403299998
16:22:46.721,-0.012885350103999993,4.725325226300001,211.923396299
16:22:46.837,-0.013423735213999992,4.930793915400001,221.137513173
16:22:46.953,-0.013926227985999991,5.140668389100001,230.547539667
16:22:47.076,-0.01441675664499999,5.354996504000001,240.153715058
16:22:47.204,-0.01499103409499999,5.5736107624,249.955871852
16:22:47.326,-0.015529419206999991,5.7965590209,259.95401004900003
16:22:47.451,-0.01610369665699999,6.0238652077,270.14822536
16:22:47.590,-0.01680957935699999,6.2554336097,280.53856564000006
16:22:48.474,-0.01755135439499999,6.4914077963,291.1249830340001
16:22:48.626,-0.01828116531999999,6.7316441981,301.9074775420001
16:22:48.731,-0.01897508390699999,6.9761906716999995,312.8861688020001
16:22:48.846,-0.01970489483199999,7.224975432499999,324.0610807420001
16:22:48.964,-0.02047059809499999,7.478165977899999,335.43214157900013
16:22:49.087,-0.02136790660799999,7.735570882199998,346.99927953000014
16:22:49.246,-0.02234896391199999,7.997477284199999,358.76256637800014
16:22:49.392,-0.02336591355399999,8.263526260299999,370.7219064120002
16:22:49.499,-0.02432304262899999,8.5338613799,382.8772039210002
16:22:49.614,-0.02529213581699999,8.808482643,395.2285546160002
16:22:49.742,-0.026177480213999987,9.087413977899999,407.77612599100024
16:22:49.853,-0.027026932272999987,9.370727169099998,420.51965484100026
16:22:49.975,-0.027864420218999986,9.658470073199998,433.4593325880003
16:22:50.098,-0.028689944051999986,9.950499120799998,446.5950874490003
16:22:50.253,-0.029623144904999985,10.246838240199999,459.9269433510003
16:22:50.376,-0.030544381644999986,10.547535287899999,473.4547806560003
16:22:50.502,-0.031429726046999985,10.852566335699999,487.17862329200034
16:22:50.632,-0.032279178110999986,11.1620270964,501.09847125900035
16:22:50.754,-0.03323630719499999,11.4757261443,515.2144441950004
16:22:50.878,-0.03425325684599999,11.793687407399998,529.5264463890004
16:22:51.050,-0.03523431415899999,12.115958742299998,544.0345974800005
16:22:51.170,-0.03625126380999999,12.442564077299998,558.7387778290005
16:22:51.303,-0.03732803402799999,12.773575196899998,573.6389395810005
16:22:51.426,-0.03848855303699999,13.109039957699997,588.7352502300005
16:22:51.556,-0.03968496438399999,13.448886574799996,604.0277576310004
16:22:51.690,-0.040869411617999986,13.792971479099995,619.5162464350004
16:22:51.789,-0.04208975118999998,14.141294670599995,635.2008123530004
16:22:51.941,-0.04332205487499998,14.494047574999994,651.0815750230004
16:22:52.065,-0.044614179126999984,14.851278048899994,667.1583669510004
16:22:52.171,-0.045822554587999983,15.212746809999993,683.4312120650004
16:22:52.199,8.374879100000001e-05,0.0044297129000000005,0.19607711400000002
16:22:52.277,-0.047114678839999986,15.578549571199993,699.9001342930004
16:22:52.322,0.000227318149,0.013169497600000002,0.588111703
16:22:52.411,-0.04853840834199999,15.948542762999992,716.5650857790004
16:22:52.433,0.000358923394,0.0262193541,1.17617555
16:22:52.533,-0.04999803018199999,16.32282209829999,733.4261383060003
16:22:52.545,0.00045463630099999995,0.043722851800000004,1.9603643659999999
16:22:52.644,-0.05144568790899999,16.70133972079999,750.4832440190004
16:22:52.680,0.00039481573799999994,0.06558427780000001,2.940749934
16:22:52.752,-0.05280959684499999,17.084143486799988,767.7365225560004
16:22:52.810,0.0004187439659999999,0.0917557756,4.117140833
16:22:52.878,-0.05420939811899999,17.471185539999986,785.1858782070004
16:22:52.922,0.00040677985599999985,0.1221416323,5.489608845999999
16:22:53.000,-0.05562116350599999,17.862537664999987,802.8312870440004
16:22:53.034,0.0003589234079999998,0.1569572019,7.0581061169999995
16:22:53.139,-0.056925251872999995,18.258295574599988,820.6727251390005
16:22:53.139,0.0004187439799999998,0.1961785561,8.822632645999999
16:22:53.245,0.00041874398499999976,0.23973391040000003,10.783188433
16:22:53.257,-0.058289160806999994,18.658387484299986,838.7101924920005
16:22:53.368,0.00045463632799999974,0.28771897760000004,12.939845261
16:22:53.402,-0.05954539272099999,19.062885178599984,856.9436891030005
16:22:53.502,0.0003589234209999997,0.3400141166,15.292627058
16:22:53.612,0.00022731817599999968,0.39661932740000005,17.841581679
16:22:53.735,8.374881799999966e-05,0.45758246650000006,20.586565558
16:22:53.848,2.699999962106278e-11,0.5229035339000001,23.527554768
16:22:54.022,-0.0001674975550000004,0.5927260990000001,26.664645019
16:22:54.135,-0.0003948157040000004,0.6668587359000001,29.998051670000002
16:22:54.271,-0.0005623132860000004,0.7454450140000002,33.527463652
16:22:54.391,-0.0007178467550000004,0.8282695793000002,37.252976675
16:22:55.323,-0.0009810572440000003,0.9154999292000002,41.174471101
16:22:55.456,-0.0012562318460000005,1.0070882074000003,45.291994785
16:22:55.558,-0.0014476576570000006,1.1030822702000003,49.605595582999996
16:22:55.692,-0.0018185451780000008,1.2034103331000003,54.11534527799999
16:22:55.806,-0.002177468586000001,1.3080963243000003,58.82141137299999
16:22:55.951,-0.002500499656000001,1.4171641718000003,63.72353065399999
16:22:56.072,-0.002835494839000001,1.5305899476000002,68.821774904
16:22:56.238,-0.003254238813000001,1.6483497235000002,74.11590484599999
16:22:56.341,-0.003541377537000001,1.7706109971000001,79.606375116
16:22:56.469,-0.003720839241000001,1.897445553,85.293209642
16:22:56.582,-0.003792623925000001,2.0283269701,91.17597771599999
16:22:56.700,-0.003852444496000001,2.163518459,97.254727193
16:22:56.815,-0.003828516276000001,2.3031396608,103.52950592799999
16:22:56.921,-0.003792623943000001,2.4471187909,110.00064891899999
16:22:57.042,-0.003792623948000001,2.5954319211,116.66796473399998
16:22:57.175,-0.003541377583000001,2.7481747642,123.53032875299998
16:22:57.392,-0.0033020953310000014,2.9050362533999996,130.58886559599998
16:22:57.513,-0.0029551360590000016,3.0660403166999997,137.84357526299996
16:22:57.638,-0.0025004997670000015,3.2313783801,145.29421847799995
16:22:57.758,-0.0020578275880000015,3.4010265153,152.94077131299994
16:22:57.886,-0.0014356936990000014,3.5748890093999997,160.78352089999993
16:22:58.023,-0.0009690932800000013,3.7531094317999996,168.82237152799993
16:22:58.172,-0.0005623134280000013,3.9355202847999995,177.05710784799993
16:28:24.102,0.00072981089,0.004286143500000001,0.19600533100000003
16:28:24.256,0.00226121738,0.012882358800000002,0.5880638480000001
16:28:24.382,0.00454636297,0.0258125742,1.1761516230000002
16:28:24.504,0.007489534820000001,0.043196430800000005,1.9602447290000002
16:28:24.629,0.011210374060000002,0.06508178510000001,2.9404388760000004
16:28:24.749,0.01580459353,0.09137292400000001,4.116710137
16:28:24.872,0.021152552100000003,0.12209377580000001,5.489058512000001
16:28:24.992,0.027326034480000004,0.1573161253,7.0574361450000005
16:28:25.126,0.03420539954000001,0.1968964031,8.821843036
16:28:25.261,0.04183850370000001,0.24095425040000001,10.782279185
16:28:25.392,0.05027320346000001,0.28946573890000005,12.938840303000001
16:28:25.505,0.05943771411000001,0.3424069403000001,15.291478535000001
16:28:25.621,0.06935596386000001,0.3996342852000001,17.840361375
16:28:25.748,0.07998009629000001,0.4612434864000001,20.585440967
16:28:25.872,0.09135796782000001,0.5269474054000002,23.526717311
16:28:25.994,0.10358529137000001,0.5970331807000002,26.664094696
16:28:26.116,0.11649456939000002,0.6715486689000002,29.99759705
16:28:26.254,0.13018151480000004,0.7504460134000002,33.527320083999996
16:28:26.381,0.14510076391000004,0.8338927119000001,37.254220933999996
16:28:26.522,0.16060625458000005,0.9214819845000002,41.177677460999995
16:28:26.654,0.17696119727000006,1.0139556062000001,45.297402522999995
16:28:26.772,0.19404595085000007,1.1106914431000001,49.613252554
16:28:26.914,0.21178873069000007,1.2120244906000002,54.125179699
16:28:27.060,0.23023739321000006,1.3176915382,58.833183958
16:28:27.172,0.24951157954000006,1.4278600835000002,63.737384969
16:28:27.286,0.26946772034000005,1.5425061983000001,68.83780666
16:28:27.433,0.29010581561000004,1.6612470309,74.134496886
16:28:27.566,0.31168907581000005,1.7843936481,79.62714458699999
16:28:28.354,0.33402607511000004,1.9118981936,85.315917257
16:28:28.490,0.35706895709,2.0436410263,91.200934535
16:28:28.618,0.38100914758000004,2.1797178591,97.282172493
16:28:28.756,0.4058945030000001,2.3201526202,103.55939185400001
16:28:28.899,0.4314857411000001,2.4648735247999998,110.03271225600001
16:28:29.040,0.4579503594300001,2.6140480705999996,116.70210977200001
16:28:29.179,0.4851447886500001,2.7675326881999993,123.56756047400002
16:28:29.303,0.5133322393000002,2.925494875299999,130.62920792800003
16:28:29.434,0.5423452137600002,3.087743205899999,137.88693249600004
16:28:29.553,0.5721837120300002,3.254277679999999,145.34075810500005
16:28:29.712,0.6028955905300002,3.425122225899999,152.99061297200004
16:28:29.842,0.6343372799200002,3.600276843599999,160.83654495300004
16:28:29.965,0.6665566367000002,3.779813317599999,168.87860190300003
16:28:30.097,0.6997450866200002,3.963851289299999,177.11685560500004
16:28:30.245,0.7338069167700002,4.152366830499999,185.55113856500003
16:28:30.391,0.7688617683500002,4.345096730599999,194.18166613300002
16:28:30.513,0.8046703590300002,4.542088845899999,203.00784010700002
16:28:30.645,0.8410173348100002,4.743391032999998,212.03112010400002
16:28:30.772,0.8784051883900001,4.949553641199998,221.25002257900002
16:28:30.913,0.9164989246500002,5.160217747099998,230.66493038500002
16:28:31.115,0.9553703283000001,5.3754790635999985,240.27610672600002
16:28:31.260,0.9949476146300001,5.595050451899999,250.08338410800002
16:28:31.401,1.0350632860600002,5.819027624799999,260.08676253100003
16:28:31.525,1.0757891272600002,6.047410582299999,270.28621806800004
16:28:31.647,1.1172926358500002,6.280103611599999,280.68165500800006
16:28:31.780,1.15957381183,6.517154569199999,291.2731690620001
16:28:31.900,1.20260872691,6.7588984501999985,302.0608080850001
16:28:32.039,1.24630166825,7.004856690099999,313.0446199320001
16:28:32.174,1.29070049227,7.2552924994999985,324.2245088930001
16:28:32.289,1.33575734255,7.510181950099999,335.6004510400001
16:28:32.426,1.38171150134,7.769716467599999,347.17251815600014
16:28:32.545,1.4283715428100001,8.033608913399998,358.9405666750001
16:28:32.672,1.4756417540500002,8.302002856899998,370.90462052500015
16:28:32.806,1.5237614173100003,8.574730800499998,383.06472756100015
16:36:46.518,-0.00051445685,0.004094717800000001,0.196124969
16:36:46.627,-0.00149551413,0.012212368500000001,0.588087765
16:36:46.757,-0.00303888472,0.024257239300000004,1.1761994580000001
16:36:46.889,-0.0050249275,0.040420756200000005,1.9604121920000002
16:36:47.024,-0.00750149892,0.060655062600000004,2.94070204
16:36:47.151,-0.01049252719,0.0849362302,4.117116857
16:36:47.282,-0.01414158172,0.11328818730000001,5.4893695010000005
16:36:47.437,-0.01828116489,0.1457348622,7.057555693000001
16:36:47.627,-0.02283949204,0.18220447,8.821699360000002
16:36:47.775,-0.02788834783,0.2227448673,10.781800502000003
16:36:47.907,-0.03340380405,0.2673799824,12.937906975000004
16:36:48.021,-0.03945764537,0.3159901742,15.289899140000005
16:36:48.157,-0.04600201533,0.36871901209999997,17.837178786000006
16:36:48.285,-0.05303691393,0.4253511418,20.58091839800001
16:36:48.396,-0.060705910509999995,0.4860779893,23.520089067000008
16:36:48.637,-0.06905686155999999,0.550851698,26.65536077700001
16:36:48.757,-0.07794619770999998,0.6195765551,29.98725994700001
16:36:48.894,-0.08725427783999998,0.6922525606,33.51511659200001
16:36:49.007,-0.09710074306999997,0.7688079298999999,37.239193917000016
16:36:49.147,-0.10719845466999997,0.8493623041999999,41.161119043000014
16:36:49.267,-0.06775277126999996,0.9180751974999999,45.28711330900001
16:36:49.400,-0.037483562669999956,0.9402746097999999,49.60808398600001
16:36:49.567,0.0008135660300000527,0.9224690200999999,54.13968013300001
16:36:49.674,0.04266403633000006,0.9046424932019999,58.87264154000002
16:36:49.792,0.10685150663000006,0.8582247273039999,63.81299811700002
16:36:49.927,0.16133608103000008,0.8039136375059999,68.97962922400002
16:36:50.067,0.2472743104300001,0.7728637757079999,74.34779308100002
16:36:50.198,0.3727300068300001,0.7610791269099999,79.93306696800002
16:36:50.337,0.5513422602300002,0.7551598845119999,85.73109593500003
16:36:50.474,0.7064928876300003,0.7231857951139999,91.76635856200002
16:36:50.597,0.7908518560300003,0.6620461897159999,97.97499041600003
16:36:50.720,0.8612008484300003,0.6011727858279999,104.38587287000003
16:36:50.839,0.9868838648300003,0.54125950205,110.98105974800004
16:36:50.967,1.1330135512300004,0.48400524257199995,117.76689203000004
16:36:51.087,1.3041123406300004,0.43515278169399996,124.89701286200004
16:36:51.245,1.4841961791300005,0.38467619241599993,132.22318688000004
16:36:51.381,1.6637655607800006,0.3388446700379999,139.74232734500004
16:36:51.487,1.8436340452600006,0.29749071715999986,147.45783206600004
16:36:51.627,2.023586278531001,0.26047076438199984,155.36953353900003
16:36:51.777,2.203694045272001,0.22766517050399984,163.47759926800003
16:36:55.793,0.00010767702000000002,0.0044057846000000005,0.19600533100000003
16:36:55.923,0.00025124637800000006,0.013384851500000003,0.5880159930000001
16:36:56.057,0.0005264209860000001,0.026673990200000004,1.1760319860000001
16:36:56.181,0.001004985514,0.04451248290000001,1.9599815270000003
16:36:56.397,0.001567298833,0.06697211450000001,2.9399363990000005
16:36:56.517,0.0022851456220000003,0.09376574620000001,4.115944457
16:36:56.627,0.0030388847490000004,0.12498909080000002,5.487886063
16:36:56.767,0.0038763726670000007,0.16066607660000004,7.0556415690000005
16:36:56.877,0.004869394055000001,0.20086848810000005,8.819498116
16:36:56.997,0.005970092463000001,0.24559632530000006,10.779336066
16:36:57.139,0.007130611438000001,0.2947538754000001,12.935346840000001
16:36:57.277,0.008255238075,0.3483650667000001,15.287458655000002
16:37:16.897,0.00013160525,0.0044536412,0.19610104100000003
16:37:17.037,0.00037088752,0.0132412825,0.5882313400000001
16:37:17.161,0.00074177504,0.026386852100000004,1.176343042
16:37:17.277,0.001052841993,0.0440099912,1.9605557850000002
16:37:17.450,0.0014715859660000001,0.0662303409,2.940845642
16:37:17.567,0.001998006959,0.09295218830000002,4.1172843960000005
16:37:17.677,0.002584248519,0.12405589200000003,5.489752408000001
16:37:17.797,0.003326023549,0.15949359580000005,7.058201823000001
16:37:17.928,0.004175475599,0.19950458190000006,8.822752279000001
16:37:18.051,0.005132604669,0.24382563980000008,10.783355921000002
16:37:18.182,0.006077769626,0.2926003389000001,12.940084532000002
16:37:18.374,0.007154539833,0.34592439200000014,15.292985967000002
16:44:46.955,0.00046660043000000003,0.0044297129000000005,0.19607711400000002
16:44:47.080,0.0013998012900000001,0.013289138700000001,0.588303125
16:44:47.203,0.00282353079,0.026602205700000003,1.17670196
16:44:47.335,0.004689932480000001,0.04441677040000001,1.9611779089999999
16:44:47.493,0.007070791020000001,0.0667328328,2.941707044
16:44:47.675,0.009990034660000001,0.0937418186,4.118241510000001
16:44:47.793,0.013423735150000001,0.1252044456,5.4907334510000005
16:44:47.978,0.017276179620000002,0.1610728572,7.059302506000001
16:44:48.097,0.021571296280000003,0.2013709817,8.823876892000001
16:44:48.308,0.026213372210000002,0.24602703450000002,10.784600175000001
16:44:48.446,0.03136990499,0.29513672850000006,12.941376644000002
16:44:48.612,0.036873397040000006,0.34874792020000006,15.294278082000002
16:44:48.730,0.042795633070000005,0.40690846590000007,17.843352344000003
16:44:48.865,0.04920839774000001,0.46959443730000006,20.588408009000002
16:44:49.008,0.05599204993000001,0.5369015476000001,23.529564715000003
16:44:49.129,0.06324230255000002,0.6086862274000001,26.666822462000003
16:44:49.268,0.07088737090000002,0.6848766918000001,30.000253033000003
16:44:49.398,0.07892725498000003,0.7654490125000001,33.529832501
16:44:49.529,0.08729017012000002,0.8506185438,37.255656577
16:44:49.651,0.09602397278000002,0.9402417163,41.177605622
16:44:49.879,0.10522437587000003,1.0343424583,45.295775347
16:44:50.008,0.11481959469000003,1.1328729132,49.610189680000005
16:44:51.303,0.12488141394000003,1.2361680761,54.12077683700001
16:44:51.439,0.13533804892000004,1.3439886647000001,58.82756074600001
16:44:51.559,0.14614164317000003,1.4563107510000002,63.73049355200001
16:44:51.675,0.15724434025000003,1.5729189808000001,68.82955132700002
16:44:51.803,0.16876578131000003,1.6940765646000002,74.12485371000002
16:44:51.970,0.18070596635000002,1.8197117179000002,79.61618535100003
16:44:52.093,0.19308882358,1.9498244407000003,85.30376160000003
16:44:52.238,0.20589042479000003,2.0843429481,91.18763032100003
16:44:52.348,0.21903898527000004,2.2234347378000003,97.26767186600003
16:44:52.471,0.23270200260000004,2.3670519532000003,103.54374266900003
16:44:52.606,0.24680769212000003,2.5151467381000003,110.01581880300003
16:44:52.750,0.26140391028000004,2.6676473076000002,116.68406776100004
16:44:52.875,0.27641887242,2.8246733028000004,123.54834597700004
16:44:53.004,0.29178079383,2.9861768675,130.60872523400005
16:44:53.160,0.30758538742999997,3.1521819299000002,137.86515767700004
16:44:53.303,0.32385658145999996,3.3225927769,145.31769116100006
16:44:53.425,0.34059437591999997,3.4974333368000003,152.96625390300005
16:44:53.563,0.35772698611,3.6767753944000003,160.81103732500006
16:44:53.681,0.37539798139999997,3.8607146626000004,168.85189786100005
16:44:53.819,0.39351164887999995,4.0492272131,177.08878765500006
16:44:53.947,0.412115845,4.2423130459000005,185.52185027300007
16:44:54.075,0.43104307218,4.4398285916,194.15108571500008
16:44:54.208,0.45029333041999997,4.641845635,202.9763743430001
16:44:54.325,0.46996233264,4.8482923913,211.9978357950001
16:44:54.480,0.49007400705,5.0593602865000005,221.2153743610001
16:44:54.608,0.51055656898,5.2749296794000005,230.6290857510001
16:44:54.725,0.53143394664,5.494928785200001,240.2389938930001
16:44:54.840,0.5526343553599999,5.719405460500001,250.0449073660001
16:44:54.996,0.5743013645099999,5.948287920400001,260.0471133110001
16:44:55.118,0.5963392611799999,6.181528308600001,270.2454681530001
16:44:55.314,0.61881983004,6.419270194500001,280.6399479640001
16:44:55.433,0.64181485575,6.6613939367000015,291.2304091780001
16:44:55.564,0.6652286254399999,6.908019176600002,302.01709107200014
16:44:55.682,0.6890611391099999,7.159337339900001,312.99996971800016
16:46:48.812,0.00025124637000000004,0.004621138900000001,0.19629247200000002
16:46:48.932,0.0008255238,0.013695919,0.5886381300000001
16:46:49.056,0.00172283229,0.027320053100000005,1.177084829
16:46:49.188,0.0030149565099999998,0.045397828400000007,1.961752208
16:46:49.310,0.00472582471,0.06802495770000001,2.942544556
16:46:49.433,0.006951149760000001,0.09517751270000002,4.1194618730000006
16:46:49.576,0.009595218790000002,0.12692727830000003,5.492575942
16:46:49.699,0.012681960010000003,0.16308282850000003,7.061862835
16:46:49.826,0.016139588750000003,0.20371594820000002,8.827202914
16:46:49.936,0.019992033220000004,0.24880270910000002,10.78869189
16:46:50.109,0.024215365210000006,0.29848668060000005,12.946305835
16:46:50.325,0.028785656470000007,0.35283964720000005,15.300044749000001
16:46:50.469,0.03379861992000001,0.41150268560000003,17.849980415
16:46:50.601,0.03932604022000001,0.47454758030000005,20.595107851
16:46:50.726,0.04529613271000001,0.5418786185000001,23.536336328
16:46:50.860,0.05180461030000001,0.6137590107,26.673570136000002
16:46:50.981,0.058707903620000015,0.6900691158000001,30.007024624000003
16:46:51.116,0.06602994092000002,0.7708807186000001,33.536149445
16:46:51.244,0.07384250686000002,0.8561459626000001,37.261303524
16:46:51.400,0.08250452482000002,0.9457930629000001,41.179352267
16:46:51.539,0.09132207625000002,1.0400852301,45.293454196
16:46:51.651,0.10053444341000002,1.1387592536000002,49.604111802
16:46:51.853,0.11011769809000002,1.2417912054000002,54.110607234999996
16:46:51.976,0.12007184029000002,1.3493007267000001,58.813347275999995
16:46:52.097,0.13061222405000003,1.4610724632,63.71216443099999
16:46:52.405,0.14169099291000004,1.5773217692000001,68.807034772
16:46:52.582,0.15306886460000005,1.6980725729000001,74.09800615399999
16:46:52.705,0.16484155202000006,1.8232770178000002,79.58512643299999
16:46:52.839,0.17708083987000006,1.9529829604000002,85.26839560899998
16:46:53.226,0.18966708699000007,2.0870707593000004,91.14778975399997
16:46:53.398,0.20267207809000007,2.2255643428000003,97.22335672299997
16:46:53.509,0.21607188492000007,2.3685115675,103.49495294999997
16:46:53.640,0.22998614860000008,2.5158885051,109.96274592899996
16:46:53.759,0.2443191562600001,2.6677908684,116.62663994899997
16:46:53.897,0.2590709079000001,2.8243861551,123.48663500999996
16:46:54.025,0.2743131881800001,2.985435083,130.54280289499997
16:46:54.148,0.2900220688900001,3.1510572932,137.79502396599997
16:46:54.296,0.3061496935800001,3.3211331446,145.24332215099997
16:46:54.462,0.3227199904600001,3.4956865655000002,152.88760173899996
16:46:54.597,0.3398047441900001,3.6745979147,160.72793451299995
16:46:54.725,0.3572603854400001,3.8579389768000003,168.76434440099996
16:46:54.849,0.3751108424200001,4.0456858235,176.99687925799995
16:46:54.955,0.3934278998300001,4.2377905985,185.42541944599995
16:46:55.081,0.4120679883000001,4.4342533018,194.05013245799995
16:46:55.269,0.4311268207500001,4.635145718,202.87087472799996
16:46:55.394,0.4506043971800001,4.840635344800001,211.88781374999996
16:46:55.506,0.47047678934000015,5.0504828999,221.10075810299998
16:46:55.650,0.49076792548000014,5.2647123113,230.50980349699998
16:46:55.826,0.5114778056000001,5.483419292200001,240.11504564299997
16:46:55.977,0.5326542861500001,5.706555986000001,249.91643668599997
16:46:56.091,0.5542495106800001,5.934146321,259.91390484299995
16:46:56.504,0.5762874074000001,6.1661185123,270.10754582399994
16:46:56.642,0.5987201198500001,6.4025682731,280.49731177399997
16:46:56.777,0.62157157628,6.643352033999999,291.08310698199995
16:46:56.915,0.6448417766900001,6.888780861799999,301.8650510869999
16:46:57.060,0.6685546492900001,7.138782971899999,312.84316801599994
16:46:57.175,0.6927580505300001,7.393286579699999,324.0174577689999
16:46:57.306,0.71728448283,7.652219900399999,335.3878485629999
16:46:57.443,0.74220573086,7.915511149399999,346.9543643259999
16:46:57.562,0.76749786641,8.183208182999998,358.7170289859999
16:46:57.701,0.79325660239,8.455430642299998,370.6757468319999
16:46:57.839,0.8194340823499999,8.732154599299998,382.8305178639999
16:46:57.968,0.8459824498299999,9.013284340899997,395.1813420819999
16:46:58.112,0.87299741774,9.298843795399996,407.7281955579999
16:46:58.293,0.90031148848,9.588832962799996,420.4711500749999
16:46:58.430,0.9280682314099999,9.883299699699997,433.41022956099994
16:46:58.536,0.95624371832,10.182148292899996,446.5454100879999
16:46:58.653,0.98481402096,10.485618024999996,459.87671558399995
16:46:58.776,1.01387485224,10.793517469999996,473.40400248299994
16:46:58.897,1.0433544275000002,11.105966268999996,487.12727078499995
16:46:59.025,1.0732527467400002,11.422844780899997,501.04654441799994
16:46:59.158,1.1035698099600002,11.744248718499996,515.16194302
16:46:59.307,1.1342577607000002,12.070082368999996,529.473323025
16:46:59.431,1.1654123118700002,12.400273947799995,543.980947638
16:46:59.575,1.1969856070200002,12.734895239499995,558.684625437
16:46:59.713,1.2289776461500002,13.074041956899995,573.58447606
16:46:59.866,1.2613884292600002,13.417738028299995,588.6803080860001
16:46:59.980,1.2941461716400002,13.765863812599996,603.972265081
16:47:00.115,1.3272748015400002,14.118467166399995,619.4603949000001
16:47:00.295,1.3607982471700002,14.475428448499995,635.1446496880001
16:47:00.433,1.3947882932300002,14.836939084599996,651.0250055170001
16:47:00.571,1.4292449397200002,15.202951218399996,667.1015102430001
16:47:00.703,1.4640485454800003,15.573488777899994,683.3740681550001
16:47:00.837,1.4993187516700004,15.948384265699994,699.8427271080002
16:47:00.956,1.5349837735900005,16.327757322999993,716.5075828130002
16:47:01.076,1.5710196830300005,16.711751519199993,733.3686352700003
16:47:01.199,1.6074982646600005,17.100318997699993,750.4257169850002
16:47:01.326,1.6443716620200004,17.493340117399992,767.6789475970003
16:47:01.455,1.6816638033600004,17.89093451939999,785.1282313950003
16:47:01.676,1.7193507604300005,18.29293470599999,802.7735923070003
16:47:05.418,0.00049052864,0.0044536412,0.19600533100000003
16:47:05.628,0.0013998012600000003,0.0135284213,0.588159559
16:47:05.751,0.0027517460700000004,0.027032914300000002,1.176462684
16:47:06.125,0.00454636307,0.045038905000000004,1.960962561
16:47:06.265,0.006759724050000001,0.06757032140000001,2.941635262
16:47:06.401,0.009511470130000001,0.09462716350000001,4.118337221
16:47:06.532,0.012705888400000002,0.1261376468,5.491140221
16:47:06.665,0.0162951224,0.1620299864,7.059900696000001
16:47:07.137,0.020374885040000002,0.2024477517,8.824666502000001
16:47:07.326,0.025040889240000003,0.24755844040000002,10.785557277000002
16:47:07.462,0.030125637420000004,0.2971227703,12.942573021000003
16:47:07.600,0.035653057790000005,0.3510928848,15.295594096000002
16:47:07.702,0.04155136568000001,0.40958842500000003,17.844668357000003
16:47:07.833,0.04784448930000001,0.47258546290000003,20.589819732000002
16:47:07.954,0.05443671575000001,0.5401079265000001,23.531072148000003
16:47:08.078,0.06135197326000001,0.6121558158,26.668425605000003
16:47:08.212,0.06861419004000001,0.6886573463,30.001904031000002
16:47:08.359,0.07612765319,0.7696603744999999,33.531579209
16:47:08.480,0.08403593207,0.8552127566999999,37.257403284
16:47:08.612,0.09243473959,0.9452666365999999,41.179400183
16:47:08.729,0.10122836284,1.0397023727999999,45.297522051
16:47:08.868,0.11041680182000001,1.1386396067,49.611721033
16:47:08.986,0.12000005653000001,1.2419586969,54.122044984
16:47:09.139,0.12997812697000002,1.3496835717,58.828446049
16:48:24.487,0.00032303106,0.004549354,0.19602925800000004
16:48:24.644,0.00113659076,0.013576277500000001,0.5880638470000001
16:48:24.754,0.00239282265,0.027104698700000002,1.1767019680000002
16:48:24.866,0.00425922431,0.0452542588,1.9614411300000003
16:48:24.977,0.006520441700000001,0.0679053166,2.9423770440000006
16:48:25.088,0.009343972400000001,0.09486644620000001,4.119318289000001
16:48:25.221,0.012945170490000001,0.12642478640000002,5.4925041420000005
16:48:25.345,0.016821543180000002,0.16241283950000002,7.0616474700000005
16:48:25.448,0.0209970187,0.2026391798,8.826867912
16:48:25.590,0.025686951070000002,0.24748665900000003,10.788356889000001
16:48:25.726,0.030771699170000003,0.29654849710000003,12.946186194000001
16:48:25.853,0.036370904120000005,0.3504707563,15.300164396000001
16:48:25.990,0.04238885305000001,0.4083920205,17.850267567000003
16:48:26.145,0.04863412013000001,0.4710540647,20.596687138000004
16:48:26.326,0.055657054600000005,0.5380022524,23.539088112000005
16:48:26.459,0.06319444592000001,0.609571579,26.677877269000007
16:48:26.575,0.07115058122000001,0.6855706185,30.01262390100001
16:48:26.713,0.07940581935,0.766334366,33.543495502000006
16:48:26.832,0.08815158612,0.8514560418,37.270444217000005
16:48:26.954,0.09734002508,0.9408160048,41.193589684
16:48:27.076,0.1071147056,1.0351321018000001,45.312620843000005
16:48:27.199,0.11718848895,1.1339496965000002,49.62780089900001
16:48:27.337,0.12772887273,1.2368380807000001,54.13905806900001
16:48:27.455,0.1387119287,1.3441322495,58.84641628000001
16:48:27.577,0.15032908265,1.4561911263,63.749708039000005
16:48:27.699,0.16224533943,1.5728232854,68.848981201
16:48:27.826,0.17472390952,1.6937894446,74.144379332
16:48:27.947,0.18774086471,1.8191374600999999,79.635639228
16:48:28.076,0.20141584616000002,1.9490348296,85.323119804
16:48:28.198,0.21558135625000002,2.0834336968,91.206533928
16:48:28.337,0.23016561032000002,2.2222862051999996,97.285929455
16:48:28.476,0.24524039303000003,2.3656641392999997,103.561402096
16:48:28.606,0.26085356084000005,2.5133521452,110.032999706
16:48:28.738,0.27695725729000004,2.6656373617,116.700817996
16:48:28.851,0.29352755417000004,2.8223283628,123.564521978
16:48:28.976,0.31054052324000003,2.9834730051,130.624398784
16:48:29.090,0.32806794916000004,3.1490952169,137.880233065
16:48:29.227,0.34618161664,3.3190514288000004,145.332168387
16:48:29.349,0.36471402810000003,3.4935569947000005,152.98020474999998
16:48:29.467,0.38380875287000005,3.6723726324000006,160.824437865
16:48:29.590,0.40344186274000005,3.8555940547000005,168.864748094
16:48:29.728,0.42342193188000005,4.043149477100001,177.10115936399998
16:48:29.904,0.44391645787000006,4.235110684100001,185.53374345799998
16:48:41.339,0.00032303106,0.0044775695,0.1958139
16:48:41.468,0.0010408778500000002,0.013408780200000001,0.587585275
16:48:41.591,0.0022971097400000004,0.026697919200000003,1.175433764
16:48:42.795,0.003996013820000001,0.0444167711,1.959263656
16:48:42.941,0.006041877170000001,0.066684977,2.939170662
16:48:43.095,0.008578269160000002,0.0935025369,4.115130854
16:48:43.296,0.011605189790000003,0.1247976663,5.487192087
16:48:43.429,0.015050854400000004,0.16064214970000001,7.055306506000001
16:48:43.551,0.019010975860000005,0.2010599154,8.819426256000002
16:48:43.667,0.023581267090000003,0.2459791788,10.779599192000003
16:48:43.805,0.028666015170000003,0.2953999399,12.935825314000002
16:48:43.927,0.034241291890000004,0.34934612670000004,15.288822472000003
16:48:44.049,0.04030709725000001,0.40776988300000006,17.838016382000003
16:48:44.176,0.04681557480000001,0.47062335220000007,20.583502764000002
16:48:44.289,0.05376672454000001,0.5378347497000001,23.525736254
16:48:44.405,0.06867400958000001,0.5994977898000001,26.663544367
16:48:44.543,0.13295719062000003,0.5991418589000002,29.99254824
16:48:44.669,0.22132413166000003,0.5527988660000002,33.493366007
16:48:44.795,0.35320455170000004,0.45463032610000015,37.155612817
16:48:44.917,0.5805944917400001,0.3052105182000001,40.981609709
16:48:45.056,0.8689415867800001,0.1309083463000001,44.980784402
16:48:45.172,1.2971611318200003,-0.08899803559999991,49.189627445
16:48:45.312,1.8338592868600003,-0.43155750749999994,53.51847977
16:48:45.438,2.3817917449,-0.8523592903999999,58.037522863999996
16:48:45.570,2.8755865919400003,-1.3477184353,62.807941197999995
16:48:45.711,3.3834632009800005,-2.0080597102,67.894293132
16:48:45.826,3.9954156300200006,-2.8387430251000003,73.112977384
16:48:45.986,4.73431926906,-3.6887573550000003,78.34961703
16:48:46.140,5.6730834281,-4.526661011900001,83.80116529600001
16:48:46.246,6.7272175271400005,-5.434910661800001,89.541799702
16:48:46.376,7.836901004180001,-6.387209183700001,95.50777543800001
16:48:46.512,9.004407042220002,-7.353478798600001,101.63970265100001
16:48:46.672,10.178696732560002,-8.3936357855,107.952967188
16:48:46.817,11.443040305900002,-9.524382047400001,114.518324815
16:48:46.945,12.845796709240002,-10.739974806300001,121.332856292
16:48:47.063,14.353083572580003,-11.9946154402,128.308649314
16:48:47.201,15.903692488920003,-13.239466438600001,135.43127516
16:48:47.398,17.487262538260005,-14.441028286000002,142.73416156500002
16:48:47.507,19.104607278600007,-15.604804472400001,150.223625582
16:48:47.626,20.750103575940006,-16.7436205268,157.897250457
16:48:47.758,22.423177154280005,-17.8813807482,165.73833428600003
16:48:47.876,24.106073269320007,-19.02007117943,173.78083122500001
16:48:47.986,25.808793920360007,-20.17117736866,182.023640574
16:48:48.126,27.536914382400006,-21.32347697819,190.464058447
16:48:48.248,29.300652010440007,-22.48132494512,199.09641384800003
16:48:48.380,31.13061100448001,-23.64878906825,207.917165403
16:48:48.498,33.03320412852001,-24.83934093838,216.95074383800002
16:48:48.620,34.98160784256001,-26.06219292351,226.18231364900004
16:48:48.746,36.98618306960001,-27.312439737640002,235.57737032800003
16:48:48.896,39.05915712964001,-28.598958750770002,245.15393183400002
16:48:49.021,41.15616709368001,-29.908613368900003,254.90364721300003
16:48:49.138,43.37931470772001,-31.212833288530003,264.79466799600004
16:48:49.298,45.70713634176001,-32.49446197216,274.80701411300004
16:48:49.417,48.08110356280001,-33.78410362049,284.981507118
16:48:49.958,50.51598008384001,-35.15871141382,295.315419193
16:48:50.099,53.08300023488002,-36.61818963115,305.852491138
16:48:50.222,55.70767544892002,-38.09005967948,316.551614261
16:48:50.344,58.427884109960026,-39.57164159661,327.420852374
16:48:50.459,61.29169802100003,-41.07221953474,338.501457737
16:48:51.093,64.32151399204002,-42.62041165187,349.80766765
16:48:51.308,67.34311061728003,-44.152209943,361.17126667499997
16:48:51.450,70.32387372652003,-45.573073984130005,372.56275130899996
16:48:51.584,73.30019814966003,-46.89109151526,384.011050781
16:48:51.717,76.26926035600003,-48.19092060339,395.537724421
16:48:51.961,79.23874130632004,-49.364477451519996,407.226305668
16:48:52.081,82.29595509664004,-50.38520172964999,419.05241165900003
16:48:52.202,85.34794056956004,-51.342154292779995,430.96541026700004
16:48:52.326,88.37952723048004,-52.208487672909996,442.9687471564
16:48:52.462,91.53119770140003,-52.91117292304,455.09647219280004
16:48:52.596,94.67699379242003,-53.54475046417,467.3357837752
16:48:52.730,97.81930832634004,-54.1404944883,479.6753877814
16:48:52.911,100.95570062446004,-54.64136010543,492.1585703746
16:48:53.032,104.13658746058003,-55.02291659256,504.7967213878
16:48:53.183,107.31784518422003,-55.33555679669,517.571751083
16:48:53.315,110.51543392286004,-55.59050305682,530.4616454922
16:48:53.456,113.77211341850004,-55.77418806795,543.4937785044
16:48:53.584,117.04931136714004,-55.89859986908,556.6628380566
16:48:53.703,120.38533685878004,-55.96768662021,569.9900963428
16:48:53.842,123.79792071142003,-55.954050497340006,583.46811168
16:48:54.002,127.26031116806004,-55.846852019470006,597.0766168632
16:48:54.127,130.77652817170005,-55.649680416600006,610.786993733
16:48:54.251,134.39418889534005,-55.33372610373001,624.6360917598
16:48:54.403,138.02875491098004,-54.971922319860006,638.6056537046001
16:48:54.558,141.66814246432006,-54.55292708299,652.6761780635001
16:48:54.694,145.40012029266006,-54.01883408612,666.9298104334
16:48:54.816,149.21406426400006,-53.41058452325,681.3480303733
16:48:54.926,153.04161143134007,-52.757729753380005,695.8953523222001
16:48:55.045,156.88668602368008,-52.059599786510006,710.5536626121001
16:48:55.187,160.78582644402007,-51.23637006964,725.3227458890001
16:48:55.306,164.7525760693601,-50.27772752277,740.2068853059001
16:48:55.444,168.7482668847001,-49.2713691019,755.2218974188
16:48:55.561,172.74995172074009,-48.22698573803,770.338326582
16:48:55.689,176.7686136337801,-47.103133742160004,785.5755546582001
16:48:55.826,180.8345457588201,-45.873420286290006,801.0060602414001
16:48:55.955,184.9180292378601,-44.58105974042,816.5649021306001
16:48:56.076,189.03098032790012,-43.221338244550005,832.2204950661
16:48:56.259,193.28109997794013,-41.715292658680006,848.0019596986001
16:48:56.476,197.54228643298012,-40.17591206181,863.9143688121001
16:48:56.596,201.79960847962013,-38.599607219940005,879.9448729496
16:48:56.717,206.06577200566014,-36.955726075070004,896.1316854911
16:48:56.856,210.39274912070013,-35.2007910402,912.4876558906001
16:48:56.984,214.71923570710013,-33.370383388330005,928.9908898221
16:48:57.092,219.07384992350012,-31.471896942460006,945.5997282436
16:48:57.492,223.4991600839001,-29.459915926590007,962.3401332811
16:48:57.607,227.92029476880012,-27.403784343720005,979.2059553795999
16:48:57.745,232.3777644667001,-25.253659697850004,996.2558186970999
16:48:57.880,236.8778623006001,-23.013753357980004,1013.4816354896
16:48:57.997,241.3767278308001,-20.713951674110003,1030.8534476181
16:48:58.126,245.8970210880001,-18.346190834240005,1048.3600566716
16:48:58.257,250.43431535020008,-15.889461860370005,1066.0288126131
16:48:58.377,254.96733842400008,-13.382719902500005,1083.8428460456
16:48:58.497,259.5510295178001,-10.846878229630006,1101.8532915891
16:48:58.646,264.1598093586001,-8.313881024860006,1120.0589767586
16:48:58.791,268.8046849284001,-5.774300566990005,1138.5034987881
16:48:58.926,273.4642643932001,-3.2673073631200054,1157.1527360175999
16:48:59.049,278.1317282084001,-0.7631107707500053,1175.9836455680997
16:48:59.176,282.79018304620007,1.7308953886199947,1195.0891407485997
16:48:59.386,287.4389349881001,4.234571542689995,1214.4049024790997
16:48:59.526,292.0879621046001,6.742509911959996,1233.9167173955998
16:48:59.643,296.7372883239301,9.254901922429996,1253.6246812091
16:48:59.766,301.3867700767301,11.771651861199995,1273.5285307145998
16:48:59.908,306.0365748605901,14.292879369469995,1293.6284094781
16:49:00.045,310.6865351779201,16.818321236639996,1313.9244371385998
16:49:00.166,315.3367467416201,19.348192816709997,1334.4165419130998
16:49:00.288,319.9871377670301,21.882398396879996,1355.1046998735997
16:49:00.444,324.6378278952701,24.421105474749996,1375.9890306580996
16:50:21.696,0.00022731815000000003,0.004334000100000001,-9.89590000000007e-05
16:50:21.876,0.0006101697700000001,0.013073784800000002,-0.00029687700000000214
16:50:22.003,0.0012203395400000002,0.026291139000000005,-0.000833030000000008
16:50:22.132,0.0021296121400000002,0.04384249330000001,-0.0013724310000000275
16:50:22.308,0.0032422746600000002,0.06579963220000001,-0.0020347180000000447
16:50:22.464,0.004510470650000001,0.09209077120000002,-0.002628470000000061
16:50:22.608,0.006149554160000001,0.12273983850000003,-0.0036561780000000793
16:50:22.742,0.00799202759,0.15777076210000004,-0.005237480000000102
16:50:22.853,0.00999003449,0.19723139860000005,-0.006415250000000122
16:50:22.976,0.012311072450000002,0.24109781970000005,-0.007787689000000155
16:50:23.133,0.014763715660000003,0.28941788200000007,-0.009187304000000191
16:50:23.255,0.017371892340000004,0.3421676572000001,-0.010829444000000238
16:50:23.385,0.020159530730000003,0.39944285810000013,-0.012594470000000284
16:50:23.527,0.023222343720000004,0.46105205910000013,-0.014625948000000338
16:50:23.671,0.026488546630000005,0.5272106141000001,-0.016780312000000387
16:50:23.796,0.030005995910000006,0.5977270974000002,-0.019057562000000437
16:50:23.934,0.033726835110000006,0.6726015090000002,-0.021385915000000488
16:50:24.068,0.03772284891000001,0.7519774183000002,-0.02393286500000054
16:50:24.192,0.04185046796000001,0.8358069688000003,-0.026698412000000595
16:50:24.505,0.04613362048000001,0.9240901605000003,-0.029658628000000662
16:50:24.646,0.050596234710000014,1.0167791368000003,-0.03264602000000073
16:50:24.811,0.05528616709000002,1.1137303283000004,-0.0358041540000008
16:50:24.962,0.06008377649000002,1.2149915916000005,-0.039061247000000875
16:50:25.097,0.06510870404000002,1.3207304244000004,-0.04253693700000095
16:50:25.247,0.07038487796000002,1.4307793290000004,-0.04611158600000102
16:50:25.376,0.07600801115000003,1.5452340182000004,-0.0498330490000011
16:50:25.513,0.08190631894000003,1.6642141331000004,-0.05377310900000118
16:50:25.653,0.08800801665000003,1.7876478892000005,-0.05788391100000126
16:50:25.780,0.09433703251000003,1.9153917171000006,-0.062093672000001335
16:50:25.913,0.10082158184000004,2.0474934733000008,-0.06635453600000141
16:50:26.026,0.10755737754000004,2.1833788802000007,-0.0708339970000015
16:50:26.176,0.11435299380700004,2.3236940000000006,-0.07534063400000159
16:50:26.351,0.12128021532400003,2.4685824021000005,-0.07982659100000168
16:50:26.508,0.12829118563200004,2.6180440865000003,-0.08441150700000177
16:50:26.647,0.13569697167000003,2.7714808476000004,-0.08914323700000187
16:50:26.765,0.14325829117800004,2.9294908910000004,-0.09383035900000197
16:50:26.888,0.15109478528600004,3.0917870779000003,-0.09926249700000206
16:50:27.031,0.12352946739400003,3.2196296108,-0.10890925100000215
16:50:27.176,0.10803594050200002,3.2887313367,-0.10147449500000226
16:50:27.298,0.05364708061000001,3.3137841906000003,-0.09064517900000237
16:50:27.439,0.085100734718,3.3050294525000004,-0.07749806300000248
16:50:27.566,0.20299510482600003,3.2970194804700004,-0.0829942790000026
16:50:27.688,0.37215570193400005,3.3025798044400005,-0.11203911300000273
16:50:27.812,0.5961239000420001,3.3340813164100007,-0.15448699600000287
16:50:27.964,0.8572645971500001,3.385422319380001,-0.19870881400000304
16:50:28.126,1.1445947382580002,3.455478186350001,-0.2492987880000032
16:50:28.326,1.4601482223660003,3.542621797320001,-0.3024523300000034
16:50:28.476,1.8041164754740004,3.652619855290001,-0.36372078700000354
16:50:28.590,2.1752552295820005,3.781978839260001,-0.43286487300000376
16:50:28.742,2.5832554176900007,3.928449496230001,-0.511631347000004
16:50:28.867,3.030916641798001,4.098755657200001,-0.6069833290000042
16:50:28.990,3.538458250906001,4.308737810170001,-0.7550045840000044
16:50:29.116,4.082885222014001,4.530567426140001,-0.9501916200000046
16:50:29.244,4.655176613122001,4.832104955110001,-1.1282014360000048
16:50:29.379,5.3069934652300015,5.1344111783600015,-1.279702022000005
16:50:29.501,6.018164284338002,5.4282498007100015,-1.4123264780000053
16:50:30.405,6.781462746446001,5.717305768760002,-1.5276062140000055
16:50:30.535,7.607919763554001,6.008063631910002,-1.6835193240000057
16:50:30.653,8.532638041662,6.299135553010002,-1.8755673020000059
16:50:30.821,9.548965530770001,6.543382928110002,-2.065823904000006
16:50:30.946,10.623283074878001,6.746931379210002,-2.2895354110000063
16:50:31.102,11.710031331986002,6.9276074373100025,-2.5652701290000066
16:50:31.526,12.865202355094002,7.106372228410002,-2.8890798990000066
16:50:31.664,14.124257768202002,7.262958543510003,-3.279198030000007
16:50:31.792,15.519811751310002,7.380305559610003,-3.7133951980000073
16:50:31.953,16.990631971418,7.464802112710003,-4.206004411000007
16:50:32.155,18.560263798526,7.5071161918100024,-4.772555089000008
16:50:32.304,20.205831852634002,7.477624655910002,-5.3857451240000085
16:50:32.427,21.902426851742003,7.412148058010002,-6.042439917000009
16:50:32.581,23.67665698185,7.347392297900003,-6.73392959400001
16:50:32.753,25.540151361958003,7.247201824790003,-7.463300899000011
16:50:32.894,27.438353634066004,7.108465969680003,-8.255798111000011
16:50:33.032,29.416296721174003,6.936281444570003,-9.108645556000011
16:50:33.404,31.446343523282003,6.752422936460003,-9.990305830000011
16:50:33.530,33.56586992439,6.541983160350003,-10.913317323000012
16:50:33.666,35.793731375498,6.284431696240003,-11.868036962000012
16:50:33.800,38.088292755606,5.994197265130003,-12.878034049000012
16:50:33.917,40.442614882714,5.661971786020003,-13.942662522000013
16:50:34.055,42.874524285822,5.260812075910003,-15.056658171000013
16:50:34.157,45.39024230193,4.804883645800003,-16.219901352000015
16:50:34.458,47.979479796038,4.299713915690003,-17.423131845000015
16:50:34.579,50.720529920146,3.7490117635800027,-18.650245953000017
16:50:34.706,53.531510287254,3.1608409994700026,-19.915241689000016
16:50:34.830,56.370259361362,2.5459214683600027,-21.238410188000017
16:50:34.951,59.24419489347,1.8777646232500027,-22.60627985800002
16:50:35.090,62.270349835578,1.1363186131400027,-24.03409298000002
16:50:35.226,65.34724458068601,0.3858785810300027,-25.51426430600002
16:50:35.344,68.463848216794,-0.3737947553799973,-27.04521457500002
16:50:35.479,71.715921512902,-1.1543783717899974,-28.60930868400002
16:50:35.612,75.06101579201,-1.9726938101999973,-30.20910695300002
16:50:35.729,78.46596652911799,-2.8313253206099973,-31.869159742000022
16:50:35.853,81.87961517652599,-3.7232858600199976,-33.58776814700002
16:50:35.985,85.37819706693399,-4.703179644429998,-35.34351640200002
16:50:36.126,88.961664344342,-5.719297772839998,-37.13116422900002
16:50:36.309,92.58682655874999,-6.742782804049998,-38.967628881000024
16:50:36.447,96.35889612315799,-7.796653692259998,-40.841544453000026
16:50:36.581,100.24085606756599,-8.908116829469998,-42.762242953000026
16:50:36.702,104.17946608797399,-10.071955864679998,-44.742286699000026
16:50:36.836,108.13534032438199,-11.279819843889998,-46.78827988100003
16:50:36.954,112.15899125978999,-12.563270099099999,-48.88040992900003
16:50:37.076,116.27805599419798,-13.909026462309999,-51.01140266400003
16:50:37.182,120.45592434460599,-15.264422910019999,-53.18226306800003
16:50:37.314,124.76935806501399,-16.653291955729998,-55.41775685600003
16:50:37.448,129.231421965422,-18.069268690439998,-57.68232668200003
16:50:37.583,133.77973515982998,-19.54374695015,-60.001815031000035
16:50:37.698,138.36912115723797,-21.06567188986,-62.37928471900003
16:50:37.840,143.01728684264597,-22.647103336569998,-64.81480752900003
16:50:37.977,147.77105974805397,-24.304862836279998,-67.31314517800004
16:50:38.099,152.58411483246198,-25.98338904499,-69.85730862400004
16:50:39.237,157.46229058486998,-27.6982353107,-72.45823306800004
16:50:39.370,162.46497686727798,-29.43269973141,-75.09234920800004
16:50:39.505,167.57355751968598,-31.22609638512,-77.77808177900005
16:50:39.626,172.74900560009397,-33.06749006983,-80.51636398000005
16:50:39.776,177.96031012750197,-34.95977610254,-83.31418285300005
16:50:39.916,183.25082904690998,-36.935831867249995,-86.18826422900005
16:50:40.082,188.60632506431799,-38.94296740796,-89.11173670800005
16:50:40.201,194.058311655726,-40.98738013467,-92.08689740100006
16:50:40.326,199.65325742713398,-43.050142820379996,-95.08701847900006
16:50:40.453,205.36630095854198,-45.155734042089996,-98.13119466700007
16:50:40.585,211.14972936894998,-47.317338251799995,-101.24038709200008
16:50:40.701,216.97588162535797,-49.526843781509996,-104.41009724600008
16:50:40.826,222.86406780676597,-51.802651434219996,-107.64235902800007
16:50:41.013,228.80612839017397,-54.132198891929995,-110.91319635500007
16:50:41.135,234.81371642258196,-56.49873639664,-114.22607882300007
16:50:41.326,240.94457071498996,-58.903819283349996,-117.59787582900006
16:50:41.461,247.18639215739796,-61.369581162059994,-121.02351458900006
16:50:41.580,253.49840705280596,-63.895758823769995,-124.51053249400006
16:50:41.703,259.835462837214,-66.47373810548,-128.05325855500007
16:50:41.809,266.227828718622,-69.13742529919,-131.64482537300006
16:50:41.942,272.71400521603,-71.8856000739,-135.28870253900007
16:50:42.048,279.274466891438,-74.67433020160999,-138.99264279800008
16:50:42.162,285.945465006846,-77.51402446031999,-142.76116858600008
16:50:42.281,292.764997592254,-80.38350636902999,-146.56937061600007
16:50:42.388,299.70406362766204,-83.29610395073999,-150.40975935500006
16:50:42.514,306.71212670307006,-86.27060086544999,-154.30973262200007
16:50:42.648,313.75501731147807,-89.29493728615999,-158.27096539300007
16:50:42.763,320.8515669678861,-92.39720494887,-162.28213961900008
16:50:42.922,328.00751844629406,-95.55098709358,-166.34229816800007
16:50:43.049,335.2240681597021,-98.75491980929,-170.46275909200008
16:50:43.183,342.6241593431101,-101.998953243,-174.6798693672001
16:50:43.506,350.2059016565181,-105.28507343571,-178.9668293794001
16:50:43.631,357.8094306189261,-108.62550771242,-183.3056451046001
16:50:43.733,365.4939207323341,-112.05665090313,-187.6946654938001
16:50:43.866,373.2608316237421,-115.53057476984,-192.1468117900001
16:50:43.982,381.1242091611501,-119.00679275525,-196.6712963602001
16:50:44.090,389.0989127685581,-122.48018421896,-201.2679995634001
16:50:44.216,397.2193273159661,-126.00889475367,-205.9442673646001
16:50:44.339,405.4137638323741,-129.58933512438,-210.6672702388001
16:50:44.476,413.6352990637821,-133.20066384509,-215.44636412200012
16:50:44.594,421.9318373231901,-136.8966237128,-220.27518410620013
16:50:44.700,430.3586049525981,-140.66967733451,-225.16334933640013
16:50:44.833,438.8235022100061,-144.45983664722,-230.10542810360013
16:50:44.951,447.4259508774141,-148.31093816192998,-235.08983914880014
16:50:45.078,456.1511154548221,-152.21759802863997,-240.11512284900013
16:50:45.306,464.9108682832301,-156.17357097834997,-245.20398709120013
16:50:45.445,473.7576121836381,-160.23566261805996,-250.36444783240015
16:50:45.561,482.6223620750461,-164.34697162976997,-255.55305141260015
16:50:45.684,491.5438816854541,-168.52027568547996,-260.8020291528002
16:50:45.826,500.5196824778621,-172.75050200018995,-266.0841268010002
16:50:45.967,509.54256205627007,-177.05248607489995,-271.4254261262002
16:50:46.100,518.605820515678,-181.42340438060995,-276.8145612214002
16:50:46.233,527.7138606500861,-185.86842541231997,-282.2586866276002
16:50:46.390,536.868118154494,-190.38982235302996,-287.7610326548002
16:50:46.502,546.066726625902,-194.99166300073995,-293.3244467600002
16:50:46.650,555.31270102031,-199.67248773244995,-298.9480435992002
16:50:46.776,564.604749213718,-204.43009515315995,-304.6321342394002
16:50:46.908,573.945646880126,-209.26989303986994,-310.3806907656002
16:50:47.030,583.334125823534,-214.19190532057993,-316.1929714028002
16:50:47.169,592.772028518942,-219.19371524628994,-322.0663679750002
16:50:48.426,602.25351647635,-224.27534674399993,-328.0001147802002
16:50:48.758,611.777393287758,-229.44144188570993,-334.0049316634002
16:50:48.892,621.345118575166,-234.68609040341994,-340.0741187216002
16:50:49.026,630.952600611574,-240.00998621412995,-346.2054506298002
16:50:49.158,640.6035482719819,-245.41580927683995,-352.40469409000025
16:50:49.309,650.29863154539,-250.90540207154996,-358.67237552320023
16:50:49.433,660.0364625977979,-256.47488822125996,-365.0063892444002
16:50:49.555,669.817424277206,-262.12472236696993,-371.4064002596002
16:50:49.678,679.642904422614,-267.85691447267993,-377.8723846408002
16:50:49.788,689.511084487022,-273.6710099023899,-384.4044620290002
16:50:49.913,699.42514692443,-279.56559689409994,-391.0049056042002
16:50:50.039,709.381957140838,-285.54304434580996,-397.6741221464002
16:50:50.156,719.383357606246,-291.60215584452,-404.40904884260016
16:50:50.309,729.4251608796541,-297.74396030022996,-411.2111213878002
16:50:50.449,739.5159093420621,-303.96857736093995,-418.07945443600016
16:50:50.584,749.64914236947,-310.27560024664996,-425.01275586320014
16:50:50.701,759.8262956558781,-316.66531608936,-432.0164813064001
16:50:50.840,770.0463881422861,-323.13758132307,-439.0897932776001
16:50:50.976,780.3093241186941,-329.69107989578,-446.22871968980013
16:50:51.076,790.6143139521021,-336.32767820549,-453.43462445200015
16:50:51.212,800.96250620051,-343.04627555919996,-460.70884754620016
16:50:51.326,811.351938744918,-349.84634552891,-468.0520589614002
16:50:51.459,821.785794039326,-356.72884525062,-475.4632537136002
16:50:51.579,832.261152843734,-363.69327222433,-482.9411875348002
16:50:51.702,842.7778476601419,-370.73881289904,-490.48650648700016
16:50:51.826,853.3379123845499,-377.86568262375,-498.10150768020014
16:50:51.948,863.9432373479578,-385.07483852546,-505.78418114340013
16:50:52.096,874.5904247423658,-392.36781201417,-513.5343354506001
16:50:52.484,885.2764596117738,-399.74572771988,-521.3529995158001
16:50:52.620,896.0066061671818,-407.20647995858997,-529.2398383420001
16:50:52.763,906.7783280165897,-414.75035586229995,-537.1959287012
16:50:52.896,917.5967218719977,-422.37673330100995,-545.2257930264001
16:50:53.014,928.4611177434057,-430.08211875172,-553.3245499596001
16:50:53.138,939.3639064538137,-437.87591601043,-561.4958605208001
16:50:53.276,950.3096582972216,-445.75496654614,-569.740083633
16:50:53.400,961.3012685856296,-453.71656647285,-578.0563818072001
16:50:53.526,972.3333773980376,-461.76454430655997,-586.4455207464001
16:50:53.660,983.4094303974456,-469.89787113727,-594.9083379386001
16:50:53.783,994.5313657698536,-478.11496769998,-603.4469629958
16:51:15.331,0.00037088752000000007,0.0043818563000000005,-0.00012288599999999762
16:51:15.455,0.0011365907700000002,0.013241282100000001,-0.00039258600000000146
16:51:15.582,0.0022013968500000005,0.026410779700000005,-0.0006416060000000102
16:51:15.726,0.0035892339900000006,0.0439382056,-0.0009417290000000201
16:51:15.849,0.005443671560000001,0.0658474878,-0.0012690280000000344
16:51:15.979,0.007668996650000001,0.0921864829,-0.001623503000000053
16:51:16.196,0.010265209260000002,0.1230030475,-0.0021008640000000694
16:51:16.297,0.013088740020000001,0.158249325,-0.00260540100000009
16:51:16.430,0.016402799420000003,0.1978296026,-0.0032088970000001115
16:51:16.552,0.020063818090000005,0.2419831625,-0.0038874240000001427
16:51:16.686,0.024071796030000005,0.2906142919,-0.004736693000000171
16:51:16.816,0.028498517950000007,0.3436990625,-0.0056849210000002
16:51:16.950,0.03327219914000001,0.4011896177,-0.0068278180000002405
16:51:17.076,0.03844069606000001,0.4631338141,-0.008069674000000282
16:51:17.519,0.04393222404000001,0.5295077234,-0.009386561000000333
16:51:17.656,0.04981856775000001,0.6001677762,-0.010826334000000382
16:51:17.804,0.05607579898000001,0.6753532547,-0.012484704000000433
16:51:17.928,0.06277570240000001,0.7550163027,-0.014265960000000482
16:51:18.051,0.06979863688000001,0.8392047764,-0.016146175000000533
16:51:19.144,0.07728817179000001,0.9277751064,-0.017981782000000578
16:51:20.452,0.08517252243000001,1.0207990776,-0.020035986000000627
16:51:20.586,0.09347561705000001,1.11827669,-0.022165221000000686
16:51:20.709,0.10222138386000001,1.2200883025,-0.02444127000000075
16:51:20.833,0.11133803819000002,1.3264014127,-0.02674449500000082
16:51:20.954,0.12092129295000001,1.4372399485999998,-0.029218462000000885
16:51:21.077,0.13087543523,1.5525321256999998,-0.03169567700000096
16:51:21.215,0.14115260857,1.6722779439999997,-0.034391489000001045
16:51:21.735,0.15180066943,1.7963816905999996,-0.037281970000001136
16:51:21.866,0.16279568956,1.9248194372999996,-0.040319265000001235
16:51:21.989,0.17411374075000002,2.0577826096999994,-0.043503374000001344
16:51:22.096,0.18585053592000003,2.1951754949999995,-0.04681036900000145
16:51:22.516,0.19800607507000004,2.3369263085999994,-0.05024025000000155
16:51:22.649,0.21043678882000003,2.4829393373999995,-0.05391265600000166
16:51:22.783,0.22338195942000003,2.6333581507999995,-0.05773187600000178
16:51:22.915,0.23672194575000002,2.7881827487999997,-0.061626127000001904
16:51:23.050,0.25033710668000003,2.9474609879999996,-0.06566719200000204
16:51:23.183,0.26434708334,3.1110732272999995,-0.06985507100000218
16:51:23.316,0.27863223460000003,3.2792826771999994,-0.07409405300000232
16:51:23.450,0.29336005805000004,3.4519696965999995,-0.07847984900000247
16:51:23.647,0.30838698433000006,3.6291582136999994,-0.08303638700000263
16:51:23.810,0.3238087263400001,3.8106807308999993,-0.08769188400000277
16:51:23.938,0.3395774276200001,3.9966090326999995,-0.09242241200000292
16:51:24.068,0.35564523173000007,4.186847406299999,-0.0973476090000031
16:51:24.191,0.3721557080300001,4.381491564499999,-0.10249140300000327
16:51:25.440,0.3891088565200001,4.5805893639,-0.10780593900000345
16:51:25.591,0.4063132513800001,4.784284373899999,-0.11326728900000362
16:51:26.000,0.42381674907000005,4.992552666199999,-0.1188275980000038
16:51:26.141,0.44169113428000006,5.205250671399999,-0.12446293800000398
16:51:26.326,0.4599124787600001,5.422402317799999,-0.1301015260000042
16:51:26.460,0.4785764954300001,5.643983677099999,-0.13581514500000438
16:51:26.582,0.4975874713700001,5.8700665340999985,-0.1415798670000046
16:51:26.708,0.51699326304,6.100626960599999,-0.1475153310000048
16:51:27.129,0.53674601398,6.335617099999999,-0.153621537000005
16:51:27.539,0.5569175089,6.575204449999998,-0.15987455700000522
16:51:27.773,0.57743596309,6.819293297699998,-0.16622653600000542
16:51:27.898,0.59827744834,7.067883643099998,-0.17265354600000565
16:51:28.017,0.61956160578,7.321071199099999,-0.1791555870000059
16:51:28.126,0.64124057895,7.578784180799999,-0.18570873100000612
16:51:28.262,0.6633622243099999,7.840831162599999,-0.19245654400000636
16:51:28.399,0.6857829724999999,8.107427498399998,-0.1993272430000066
16:51:28.517,0.7086942493299999,8.378477475399999,-0.20639261100000686
16:51:28.671,0.7320242701399999,8.6538614525,-0.21360479300000712
16:51:28.796,0.75574910668,8.9337469273,-0.22089200600000738
16:51:28.933,0.7798209024899999,9.2179903304,-0.22823032200000765
16:51:29.067,0.8041918011299999,9.506424164099998,-0.23559581400000792
16:51:29.184,0.8289575154999999,9.799335567299998,-0.2428449060000082
16:51:30.467,0.8542616149699999,10.097155247899998,-0.2502647400000085
16:51:30.611,0.8799366019599999,10.399500354199999,-0.25790317100000876
16:51:30.714,0.9059106917799999,10.706323029999998,-0.265760199000009
16:51:30.853,0.9321599561999999,11.017647203499997,-0.2736444030000093
16:51:30.977,0.95866046699,11.333448946499997,-0.2816275660000096
16:51:31.108,0.98557972176,11.653752187199997,-0.2896618320000099
16:51:31.232,1.0128937922599999,11.978485140799997,-0.2977711290000102
16:51:31.383,1.0406266067399998,12.307743520099997,-0.3059076020000105
16:51:31.526,1.0687063804899999,12.641359827699997,-0.3140233950000108
16:51:31.691,1.0970852570699998,12.979357991599997,-0.3223099300000111
16:51:31.827,1.1258110929199998,13.321785868399997,-0.33071935100001143
16:51:31.949,1.1548599598299998,13.668715242899998,-0.33927558600001173
16:51:32.076,1.18427971426,14.020122186899997,-0.34802649000001207
16:51:32.199,1.21407035621,14.376078484899997,-0.3570199190000124
16:51:32.496,1.2444233114699998,14.736512352399997,-0.3661601620000127
16:51:32.664,1.27507536956,15.101471645599997,-0.37535150800001305
16:51:32.789,1.30612224338,15.470860651699997,-0.3847375230000134
16:51:32.910,1.33754000472,15.844727227299996,-0.39424642400001375
16:51:33.033,1.3694243664899999,16.222951731199995,-0.4039260670000141
16:51:33.156,1.4017035439899999,16.605534163399994,-0.41375252400001444
16:51:33.278,1.43432968076,16.992498451899994,-0.4236061570000148
16:51:33.416,1.4673027768,17.383892453299993,-0.43360660400001516
16:51:33.581,1.50057497567,17.779644382999994,-0.4438256480000155
16:51:33.699,1.5341702056,18.179730312799993,-0.45411972300001585
16:51:33.839,1.5681123948,18.584174170899992,-0.4645845400000162
16:51:33.976,1.60237761506,18.99299988529999,-0.47505260500001656
16:51:34.105,1.63710943575,19.40637495369999,-0.4856914120000169
16:51:35.283,1.67221214396,19.82429937609999,-0.4964052500000173
16:51:35.416,1.7076378832299999,20.24646208569999,-0.5070505530000177
16:51:35.551,1.7433387970999998,20.67303057989999,-0.517723032000018
16:51:35.669,1.7794584549499999,21.10383736129999,-0.5285662530000184
16:51:35.808,1.81592507207,21.53921742499999,-0.5393887940000187
16:51:35.942,1.85285828962,21.97902720159999,-0.5502145830000191
16:51:36.042,1.89021025115,22.42324276279999,-0.5611871860000195
16:51:36.181,1.9279091719500001,22.87198374969999,-0.5721869650000199
16:51:36.323,1.9660029084800001,23.32510659289999,-0.5832139200000203
16:51:36.452,2.0047785994800003,23.782754861799987,-0.5941723400000207
16:51:36.602,2.0439251780000003,24.244808915299988,-0.6052297190000211
16:51:36.705,2.0835144287100005,24.711316609999987,-0.6163382010000216
16:51:36.868,2.1234745669400006,25.182254017599988,-0.627593497000022
16:51:36.986,2.1638534491500008,25.657692922899987,-0.6389238240000225
16:51:37.115,2.204627147090001,26.137609397699986,-0.650281327000023
16:51:37.552,2.245699947860001,26.621979513699987,-0.6617138610000234
16:51:37.682,2.287215420820001,27.110779342599987,-0.6732453540000238
16:51:37.827,2.329125709510001,27.60400888439999,-0.6849236610000243
16:51:37.963,2.371454742180001,28.10176385189999,-0.6967009270000248
16:51:38.098,2.414202518830001,28.60413995829999,-0.7084814410000253
16:51:38.200,2.4572254700800014,29.11106541869999,-0.7203609140000258
16:51:38.332,2.5007150217600014,29.62239666369999,-0.7323872010000263
16:51:38.465,2.5446233174200015,30.13815762159999,-0.7445124470000268
16:51:38.615,2.5889982135100014,30.65830043579999,-0.7568802180000274
16:51:38.739,2.6337439971200016,31.18292081949999,-0.7693708750000279
16:51:38.866,2.6790281658300015,31.71192305949999,-0.7820083460000283
16:51:38.983,2.7247310785200014,32.245259299599994,-0.7948404860000289
16:51:39.126,2.7708527351900014,32.783049180899994,-0.8077476570000294
16:51:40.226,2.8172495664600015,33.32526877509999,-0.8207059310000299
16:51:40.343,2.8639694287900017,33.87203772329999,-0.8335478050000303
16:51:40.478,2.911060178640002,34.42330816919999,-0.8463689990000308
16:51:40.612,2.958641457130002,34.97874511749999,-0.8592412960000313
16:51:40.730,3.006497910220002,35.53889891749999,-0.8720929130000318
16:51:40.874,3.054773107290002,36.10324314809999,-0.8849477780000323
16:51:41.001,3.103347407190002,36.67228030209999,-0.8978058910000329
16:51:41.145,3.152268666360002,37.245675384399995,-0.9107151070000336
16:51:41.291,3.2014651001300023,37.823476251299994,-0.9236993540000341
16:51:41.426,3.2510084931700023,38.4057546877,-0.9366389930000347
16:51:41.542,3.3008988454800026,38.992462837,-0.9495818800000353
16:51:41.658,3.3513515111000025,39.583696411999995,-0.9625040870000359
16:51:41.776,3.4021511359900027,40.17931184329999,-0.9754056140000364
16:51:41.940,3.453178079030003,40.77914163349999,-0.988358244000037
16:51:42.060,3.504551981340003,41.38328149549999,-1.0014098330000376
16:51:42.192,3.5564642687500028,41.991898926999994,-1.0145603810000383
16:51:42.346,3.608819228350003,42.60506571249999,-1.0278577430000388
16:51:42.465,3.661521147220003,43.222566498099994,-1.0411583530000394
16:51:42.591,3.714546097150003,43.8445927094,-1.05458184900004
16:51:42.727,3.768013719270003,44.4710486336,-1.0682239420000406
16:51:42.827,3.821876157120003,45.101862486099996,-1.0821085600000413
16:51:42.954,3.876157338950003,45.7371539081,-1.0959964260000419
16:51:43.078,3.9308333365100028,46.3767554019,-1.1099353950000426
16:51:43.295,3.985928078050003,47.0208583934,-1.1239015400000432
